Abélia;főnév;tulajdonnév
Adriána;főnév;tulajdonnév
Ajna;főnév;tulajdonnév
Alexandrina;főnév;tulajdonnév
Alojzia;főnév;tulajdonnév
Amina;főnév;tulajdonnév
Angyalka;főnév;tulajdonnév
Annamari;főnév;tulajdonnév
Abiáta;főnév;tulajdonnév
Adrianna;főnév;tulajdonnév
Ajnácska;főnév;tulajdonnév
Alexia;főnév;tulajdonnév
Aloma;főnév;tulajdonnév
Aminta;főnév;tulajdonnév
Ani;főnév;tulajdonnév
Annamária;főnév;tulajdonnév
Abigél;főnév;tulajdonnév
Adrienn;főnév;tulajdonnév
Ajnó;főnév;tulajdonnév
Alfonza;főnév;tulajdonnév
Alóma;főnév;tulajdonnév
Amira;főnév;tulajdonnév
Ania;főnév;tulajdonnév
Annamira;főnév;tulajdonnév
Ada;főnév;tulajdonnév
Áfonya;főnév;tulajdonnév
Ajra;főnév;tulajdonnév
Alfonzin;főnév;tulajdonnév
Alvina;főnév;tulajdonnév
Amrita;főnév;tulajdonnév
Anica;főnév;tulajdonnév
Annamíra;főnév;tulajdonnév
Adala;főnév;tulajdonnév
Áfra;főnév;tulajdonnév
Ajsa;főnév;tulajdonnév
Alfonzina;főnév;tulajdonnév
Amábel;főnév;tulajdonnév
Anada;főnév;tulajdonnév
Anicéta;főnév;tulajdonnév
Annaregina;főnév;tulajdonnév
Adalberta;főnév;tulajdonnév
Afrodita;főnév;tulajdonnév
Ajtonka;főnév;tulajdonnév
Alfréda;főnév;tulajdonnév
Amadea;főnév;tulajdonnév
Anaisz;főnév;tulajdonnév
Aniella;főnév;tulajdonnév
Annarita;főnév;tulajdonnév
Adalbertina;főnév;tulajdonnév
Afrodité;főnév;tulajdonnév
Akaiéna;főnév;tulajdonnév
Alica;főnév;tulajdonnév
Amadil;főnév;tulajdonnév
Anasztázia;főnév;tulajdonnév
Anika;főnév;tulajdonnév
Annaróza;főnév;tulajdonnév
Adaora;főnév;tulajdonnév
Agáta;főnév;tulajdonnév
Akilina;főnév;tulajdonnév
Alicia;főnév;tulajdonnév
Amál;főnév;tulajdonnév
Anatólia;főnév;tulajdonnév
Anikó;főnév;tulajdonnév
Annavera;főnév;tulajdonnév
Adél;főnév;tulajdonnév
Ági;főnév;tulajdonnév
Alba;főnév;tulajdonnév
Alícia;főnév;tulajdonnév
Amália;főnév;tulajdonnév
Ancilla;főnév;tulajdonnév
Anilla;főnév;tulajdonnév
Anni;főnév;tulajdonnév
Adela;főnév;tulajdonnév
Aglája;főnév;tulajdonnév
Alberta;főnév;tulajdonnév
Alida;főnév;tulajdonnév
Amanda;főnév;tulajdonnév
Anda;főnév;tulajdonnév
Anima;főnév;tulajdonnév
Annunciáta;főnév;tulajdonnév
Adéla;főnév;tulajdonnév
Aglent;főnév;tulajdonnév
Albertin;főnév;tulajdonnév
Alina;főnév;tulajdonnév
Amarant;főnév;tulajdonnév
Andelin;főnév;tulajdonnév
Anina;főnév;tulajdonnév
Anriett;főnév;tulajdonnév
Adelaida;főnév;tulajdonnév
Agnabella;főnév;tulajdonnév
Albertina;főnév;tulajdonnév
Alinda;főnév;tulajdonnév
Amaranta;főnév;tulajdonnév
Andelina;főnév;tulajdonnév
Anissza;főnév;tulajdonnév
Antea;főnév;tulajdonnév
Adelgund;főnév;tulajdonnév
Agnella;főnév;tulajdonnév
Albina;főnév;tulajdonnév
Alinka;főnév;tulajdonnév
Amarill;főnév;tulajdonnév
Andi;főnév;tulajdonnév
Anita;főnév;tulajdonnév
Antigoné;főnév;tulajdonnév
Adelgunda;főnév;tulajdonnév
Ágnes;főnév;tulajdonnév
Alda;főnév;tulajdonnév
Alirán;főnév;tulajdonnév
Amarilla;főnév;tulajdonnév
Andrea;főnév;tulajdonnév
Anitra;főnév;tulajdonnév
Antoanett;főnév;tulajdonnév
Adelheid;főnév;tulajdonnév
Agnéta;főnév;tulajdonnév
Áldáska;főnév;tulajdonnév
Alisa;főnév;tulajdonnév
Amarillisz;főnév;tulajdonnév
Androméda;főnév;tulajdonnév
Anízia;főnév;tulajdonnév
Antonella;főnév;tulajdonnév
Adélia;főnév;tulajdonnév
Ágosta;főnév;tulajdonnév
Aldea;főnév;tulajdonnév
Alitta;főnév;tulajdonnév
Amáta;főnév;tulajdonnév
Anélia;főnév;tulajdonnév
Ánizs;főnév;tulajdonnév
Antónia;főnév;tulajdonnév
Adelin;főnév;tulajdonnév
Ágota;főnév;tulajdonnév
Álea;főnév;tulajdonnév
Aliz;főnév;tulajdonnév
Amázia;főnév;tulajdonnév
Anelma;főnév;tulajdonnév
Anka;főnév;tulajdonnév
Antoniett;főnév;tulajdonnév
Adelina;főnév;tulajdonnév
Agrippína;főnév;tulajdonnév
Aléna;főnév;tulajdonnév
Alíz;főnév;tulajdonnév
Ambrózia;főnév;tulajdonnév
Anéta;főnév;tulajdonnév
Ankisza;főnév;tulajdonnév
Antonietta;főnév;tulajdonnév
Adelinda;főnév;tulajdonnév
Aida;főnév;tulajdonnév
Aleszja;főnév;tulajdonnév
Aliza;főnév;tulajdonnév
Amelda;főnév;tulajdonnév
Anett;főnév;tulajdonnév
Anna;főnév;tulajdonnév
Anzelma;főnév;tulajdonnév
Adeodáta;főnév;tulajdonnév
Aina;főnév;tulajdonnév
Alesszia;főnév;tulajdonnév
Allegra;főnév;tulajdonnév
Ameli;főnév;tulajdonnév
Anetta;főnév;tulajdonnév
Annabel;főnév;tulajdonnév
Apol;főnév;tulajdonnév
Adina;főnév;tulajdonnév
Ainó;főnév;tulajdonnév
Alett;főnév;tulajdonnév
Alma;főnév;tulajdonnév
Amélia;főnév;tulajdonnév
Angéla;főnév;tulajdonnév
Annabell;főnév;tulajdonnév
Apolka;főnév;tulajdonnév
Admira;főnév;tulajdonnév
Aira;főnév;tulajdonnév
Aletta;főnév;tulajdonnév
Almanda;főnév;tulajdonnév
Amelita;főnév;tulajdonnév
Angelika;főnév;tulajdonnév
Annabella;főnév;tulajdonnév
Apollinária;főnév;tulajdonnév
Adolﬁna;főnév;tulajdonnév
Aisa;főnév;tulajdonnév
Alexa;főnév;tulajdonnév
Almira;főnév;tulajdonnév
Ametiszt;főnév;tulajdonnév
Angelina;főnév;tulajdonnév
Annakata;főnév;tulajdonnév
Apollónia;főnév;tulajdonnév
Adonika;főnév;tulajdonnév
Aisah;főnév;tulajdonnév
Alexandra;főnév;tulajdonnév
Almiréna;főnév;tulajdonnév
Amidala;főnév;tulajdonnév
Angella;főnév;tulajdonnév
Annaléna;főnév;tulajdonnév
Aporka;főnév;tulajdonnév
Adria;főnév;tulajdonnév
Ajándék;főnév;tulajdonnév
Alexandrin;főnév;tulajdonnév
Aloé;főnév;tulajdonnév
Amilla;főnév;tulajdonnév
Angyal;főnév;tulajdonnév
Annaliza;főnév;tulajdonnév
Appia;főnév;tulajdonnév
Áprilka;főnév;tulajdonnév
Ari;főnév;tulajdonnév
Arienn;főnév;tulajdonnév
Árnika;főnév;tulajdonnév
Asztrid;főnév;tulajdonnév
Atika;főnév;tulajdonnév
Aurea;főnév;tulajdonnév
Arabella;főnév;tulajdonnév
Ariadna;főnév;tulajdonnév
Arika;főnév;tulajdonnév
Arnolda;főnév;tulajdonnév
Asztrida;főnév;tulajdonnév
Atina;főnév;tulajdonnév
Aurélia;főnév;tulajdonnév
Aranka;főnév;tulajdonnév
Ariadné;főnév;tulajdonnév
Arikán;főnév;tulajdonnév
Árpádina;főnév;tulajdonnév
Atala;főnév;tulajdonnév
Auguszta;főnév;tulajdonnév
Auróra;főnév;tulajdonnév
Arany;főnév;tulajdonnév
Ariana;főnév;tulajdonnév
Arina;főnév;tulajdonnév
Artemisz;főnév;tulajdonnév
Atalanta;főnév;tulajdonnév
Augusztina;főnév;tulajdonnév
Avarka;főnév;tulajdonnév
Aranyka;főnév;tulajdonnév
Arianna;főnév;tulajdonnév
Arinka;főnév;tulajdonnév
Artemízia;főnév;tulajdonnév
Atália;főnév;tulajdonnév
Aura;főnév;tulajdonnév
Azálea;főnév;tulajdonnév
Aranyos;főnév;tulajdonnév
Ariéla;főnév;tulajdonnév
Arita;főnév;tulajdonnév
Árvácska;főnév;tulajdonnév
Atanázia;főnév;tulajdonnév
Azucséna;főnév;tulajdonnév
Ariella;főnév;tulajdonnév
Arlett;főnév;tulajdonnév
Árven;főnév;tulajdonnév
Aténa;főnév;tulajdonnév
Azura;főnév;tulajdonnév
Armanda;főnév;tulajdonnév
Arzénia;főnév;tulajdonnév
Aténé;főnév;tulajdonnév
Azurea;főnév;tulajdonnév
Armandina;főnév;tulajdonnév
Asma;főnév;tulajdonnév
Armida;főnév;tulajdonnév
Aszpázia;főnév;tulajdonnév
Armilla;főnév;tulajdonnév
Asszunta;főnév;tulajdonnév
Ármina;főnév;tulajdonnév
Asztéria;főnév;tulajdonnév
Babér;főnév;tulajdonnév
Bebóra;főnév;tulajdonnév
Bertolda;főnév;tulajdonnév
Boglár;főnév;tulajdonnév
Brunhilda;főnév;tulajdonnév
Babett;főnév;tulajdonnév
Béda;főnév;tulajdonnév
Béta;főnév;tulajdonnév
Boglárka;főnév;tulajdonnév
Brünhild;főnév;tulajdonnév
Babetta;főnév;tulajdonnév
Begónia;főnév;tulajdonnév
Betsabé;főnév;tulajdonnév
Bojána;főnév;tulajdonnév
Búzavirág;főnév;tulajdonnév
Babiána;főnév;tulajdonnév
Bejke;főnév;tulajdonnév
Betta;főnév;tulajdonnév
Bolda;főnév;tulajdonnév
Babita;főnév;tulajdonnév
Béke;főnév;tulajdonnév
Betti;főnév;tulajdonnév
Bonita;főnév;tulajdonnév
Bagita;főnév;tulajdonnév
Belinda;főnév;tulajdonnév
Bettina;főnév;tulajdonnév
Bora;főnév;tulajdonnév
Bahar;főnév;tulajdonnév
Bella;főnév;tulajdonnév
Bianka;főnév;tulajdonnév
Bóra;főnév;tulajdonnév
Balbina;főnév;tulajdonnév
Benáta;főnév;tulajdonnév
Bibiána;főnév;tulajdonnév
Borbála;főnév;tulajdonnév
Balda;főnév;tulajdonnév
Benedetta;főnév;tulajdonnév
Bíbor;főnév;tulajdonnév
Borbolya;főnév;tulajdonnév
Balzsam;főnév;tulajdonnév
Benedikta;főnév;tulajdonnév
Bíbora;főnév;tulajdonnév
Borcsa;főnév;tulajdonnév
Bara;főnév;tulajdonnév
Beneditta;főnév;tulajdonnév
Bíboranna;főnév;tulajdonnév
Bori;főnév;tulajdonnév
Barack;főnév;tulajdonnév
Benigna;főnév;tulajdonnév
Bíborka;főnév;tulajdonnév
Boris;főnév;tulajdonnév
Baranka;főnév;tulajdonnév
Benita;főnév;tulajdonnév
Bié;főnév;tulajdonnév
Boriska;főnév;tulajdonnév
Barbara;főnév;tulajdonnév
Benjamina;főnév;tulajdonnév
Birgit;főnév;tulajdonnév
Borka;főnév;tulajdonnév
Barbarella;főnév;tulajdonnév
Bereniké;főnév;tulajdonnév
Biri;főnév;tulajdonnév
Boróka;főnév;tulajdonnév
Barka;főnév;tulajdonnév
Berill;főnév;tulajdonnév
Bítia;főnév;tulajdonnév
Borostyán;főnév;tulajdonnév
Bársony;főnév;tulajdonnév
Berkenye;főnév;tulajdonnév
Blandina;főnév;tulajdonnév
Borsika;főnév;tulajdonnév
Bársonyka;főnév;tulajdonnév
Berna;főnév;tulajdonnév
Blanka;főnév;tulajdonnév
Bozsena;főnév;tulajdonnév
Baucisz;főnév;tulajdonnév
Bernadett;főnév;tulajdonnév
Blazsena;főnév;tulajdonnév
Bozsóka;főnév;tulajdonnév
Bazilia;főnév;tulajdonnév
Bernadetta;főnév;tulajdonnév
Blondina;főnév;tulajdonnév
Brenda;főnév;tulajdonnév
Bea;főnév;tulajdonnév
Bernarda;főnév;tulajdonnév
Bóbita;főnév;tulajdonnév
Brigitta;főnév;tulajdonnév
Beáta;főnév;tulajdonnév
Bernardina;főnév;tulajdonnév
Bodza;főnév;tulajdonnév
Britani;főnév;tulajdonnév
Beatricse;főnév;tulajdonnév
Berta;főnév;tulajdonnév
Bogárka;főnév;tulajdonnév
Britni;főnév;tulajdonnév
Beatrisz;főnév;tulajdonnév
Bertilla;főnév;tulajdonnév
Bogáta;főnév;tulajdonnév
Britta;főnév;tulajdonnév
Beatrix;főnév;tulajdonnév
Bertina;főnév;tulajdonnév
Bogi;főnév;tulajdonnév
Brunella;főnév;tulajdonnév
Cecília;főnév;tulajdonnév
Celina;főnév;tulajdonnév
Cinderella;főnév;tulajdonnév
Cipra;főnév;tulajdonnév
Cecilla;főnév;tulajdonnév
Cettina;főnév;tulajdonnév
Cinella;főnév;tulajdonnév
Cipriána;főnév;tulajdonnév
Celerina;főnév;tulajdonnév
Cezarin;főnév;tulajdonnév
Cinka;főnév;tulajdonnév
Ciprienn;főnév;tulajdonnév
Celeszta;főnév;tulajdonnév
Cezarina;főnév;tulajdonnév
Cinna;főnév;tulajdonnév
Cirilla;főnév;tulajdonnév
Celesztina;főnév;tulajdonnév
Cicelle;főnév;tulajdonnév
Cinnia;főnév;tulajdonnév
Citta;főnév;tulajdonnév
Célia;főnév;tulajdonnév
Ciklámen;főnév;tulajdonnév
Cintia;főnév;tulajdonnév
Cili;főnév;tulajdonnév
Cipora;főnév;tulajdonnév
Cilla;főnév;tulajdonnév
Cippóra;főnév;tulajdonnév
Cs;főnév;tulajdonnév
Csaga;főnév;tulajdonnév
Cseperke;főnév;tulajdonnév
Csinszka;főnév;tulajdonnév
Csalka;főnév;tulajdonnév
Csepke;főnév;tulajdonnév
Csobánka;főnév;tulajdonnév
Csende;főnév;tulajdonnév
Csermely;főnév;tulajdonnév
Csobilla;főnév;tulajdonnév
Csendike;főnév;tulajdonnév
Cserne;főnév;tulajdonnév
Csoboka;főnév;tulajdonnév
Csenge;főnév;tulajdonnév
Csilla;főnév;tulajdonnév
Csönge;főnév;tulajdonnév
Csengele;főnév;tulajdonnév
Csillag;főnév;tulajdonnév
Csöre;főnév;tulajdonnév
Csente;főnév;tulajdonnév
Csillagvirág;főnév;tulajdonnév
Dafna;főnév;tulajdonnév
Delani;főnév;tulajdonnév
Dina;főnév;tulajdonnév
Dorit;főnév;tulajdonnév
Dafné;főnév;tulajdonnév
Delﬁna;főnév;tulajdonnév
Dió;főnév;tulajdonnév
Dorka;főnév;tulajdonnév
Dália;főnév;tulajdonnév
Délia;főnév;tulajdonnév
Dionízia;főnév;tulajdonnév
Dorkás;főnév;tulajdonnév
Dalida;főnév;tulajdonnév
Délibáb;főnév;tulajdonnév
Diotíma;főnév;tulajdonnév
Dorkász;főnév;tulajdonnév
Dalla;főnév;tulajdonnév
Delila;főnév;tulajdonnév
Ditke;főnév;tulajdonnév
Dormánka;főnév;tulajdonnév
Dalma;főnév;tulajdonnév
Delinda;főnév;tulajdonnév
Ditta;főnév;tulajdonnév
Dorotea;főnév;tulajdonnév
Damajanti;főnév;tulajdonnév
Delinke;főnév;tulajdonnév
Ditte;főnév;tulajdonnév
Doroti;főnév;tulajdonnév
Damarisz;főnév;tulajdonnév
Della;főnév;tulajdonnév
Dolli;főnév;tulajdonnév
Dorotina;főnév;tulajdonnév
Damira;főnév;tulajdonnév
Demetria;főnév;tulajdonnév
Dolóresz;főnév;tulajdonnév
Dorottya;főnév;tulajdonnév
Damjána;főnév;tulajdonnév
Denisza;főnév;tulajdonnév
Dolorita;főnév;tulajdonnév
Döníz;főnév;tulajdonnév
Dana;főnév;tulajdonnév
Denissza;főnév;tulajdonnév
Doloróza;főnév;tulajdonnév
Druzsiána;főnév;tulajdonnév
Danica;főnév;tulajdonnév
Deniza;főnév;tulajdonnév
Domicella;főnév;tulajdonnév
Dulcinea;főnév;tulajdonnév
Daniela;főnév;tulajdonnév
Derien;főnév;tulajdonnév
Domiciána;főnév;tulajdonnév
Dusánka;főnév;tulajdonnév
Daniéla;főnév;tulajdonnév
Detti;főnév;tulajdonnév
Dominika;főnév;tulajdonnév
Dusmáta;főnév;tulajdonnév
Daniella;főnév;tulajdonnév
Déva;főnév;tulajdonnév
Dominka;főnév;tulajdonnév
Danila;főnév;tulajdonnév
Devínia;főnév;tulajdonnév
Domitilla;főnév;tulajdonnév
Danka;főnév;tulajdonnév
Dezdemóna;főnév;tulajdonnév
Donáta;főnév;tulajdonnév
Danuta;főnév;tulajdonnév
Dézi;főnév;tulajdonnév
Donatella;főnév;tulajdonnév
Dára;főnév;tulajdonnév
Dezideráta;főnév;tulajdonnév
Donna;főnév;tulajdonnév
Dária;főnév;tulajdonnév
Dezidéria;főnév;tulajdonnév
Dóra;főnév;tulajdonnév
Darina;főnév;tulajdonnév
Dia;főnév;tulajdonnév
Dorabella;főnév;tulajdonnév
Darinka;főnév;tulajdonnév
Diána;főnév;tulajdonnév
Doren;főnév;tulajdonnév
Darla;főnév;tulajdonnév
Diandra;főnév;tulajdonnév
Dorina;főnév;tulajdonnév
Dea;főnév;tulajdonnév
Diké;főnév;tulajdonnév
Dorinka;főnév;tulajdonnév
Debóra;főnév;tulajdonnév
Dilara;főnév;tulajdonnév
Dorisz;főnév;tulajdonnév
Dzs;főnév;tulajdonnév
Dzsamila;főnév;tulajdonnév
Dzsenifer;főnév;tulajdonnév
Dzsesszika;főnév;tulajdonnév
Dzsamilla;főnév;tulajdonnév
Dzsenna;főnév;tulajdonnév
Dzsindzser;főnév;tulajdonnév
Dzsenet;főnév;tulajdonnév
Dzsenni;főnév;tulajdonnév
Écska;főnév;tulajdonnév
Elfrida;főnév;tulajdonnév
Emili;főnév;tulajdonnév
Ermelinda;főnév;tulajdonnév
Eufrozina;főnév;tulajdonnév
Éda;főnév;tulajdonnév
Elga;főnév;tulajdonnév
Emília;főnév;tulajdonnév
Erna;főnév;tulajdonnév
Eugénia;főnév;tulajdonnév
Edda;főnév;tulajdonnév
Eliána;főnév;tulajdonnév
Emiliána;főnév;tulajdonnév
Ernella;főnév;tulajdonnév
Eulália;főnév;tulajdonnév
Edentina;főnév;tulajdonnév
Elif;főnév;tulajdonnév
Emíra;főnév;tulajdonnév
Erneszta;főnév;tulajdonnév
Eunika;főnév;tulajdonnév
Edina;főnév;tulajdonnév
Elin;főnév;tulajdonnév
Emma;főnév;tulajdonnév
Ernesztin;főnév;tulajdonnév
Euniké;főnév;tulajdonnév
Edit;főnév;tulajdonnév
Elina;főnév;tulajdonnév
Emmaróza;főnév;tulajdonnév
Ernesztina;főnév;tulajdonnév
Euridiké;főnév;tulajdonnév
Edmunda;főnév;tulajdonnév
Elinor;főnév;tulajdonnév
Emmi;főnév;tulajdonnév
Ervina;főnév;tulajdonnév
Európa;főnév;tulajdonnév
Edna;főnév;tulajdonnév
Eliz;főnév;tulajdonnév
Emő;főnév;tulajdonnév
Ervínia;főnév;tulajdonnév
Eutímia;főnév;tulajdonnév
Édra;főnév;tulajdonnév
Eliza;főnév;tulajdonnév
Emőke;főnév;tulajdonnév
Erzsébet;főnév;tulajdonnév
Euzébia;főnév;tulajdonnév
Édua;főnév;tulajdonnév
Elizabet;főnév;tulajdonnév
Enciána;főnév;tulajdonnév
Erzsi;főnév;tulajdonnév
Éva;főnév;tulajdonnév
Eduárda;főnév;tulajdonnév
Elke;főnév;tulajdonnév
Ené;főnév;tulajdonnév
Esma;főnév;tulajdonnév
Evangelina;főnév;tulajdonnév
Edvarda;főnév;tulajdonnév
Ella;főnév;tulajdonnév
Enéh;főnév;tulajdonnév
Estella;főnév;tulajdonnév
Evelin;főnév;tulajdonnév
Edvina;főnév;tulajdonnév
Elli;főnév;tulajdonnév
Enese;főnév;tulajdonnév
Estilla;főnév;tulajdonnév
Evelina;főnév;tulajdonnév
Efﬁ;főnév;tulajdonnév
Ellina;főnév;tulajdonnév
Enet;főnév;tulajdonnév
Eszmeralda;főnév;tulajdonnév
Evetke;főnév;tulajdonnév
Egberta;főnév;tulajdonnév
Elma;főnév;tulajdonnév
Enid;főnév;tulajdonnév
Esztella;főnév;tulajdonnév
Evica;főnév;tulajdonnév
Eija;főnév;tulajdonnév
Elmira;főnév;tulajdonnév
Enikő;főnév;tulajdonnév
Eszténa;főnév;tulajdonnév
Evila;főnév;tulajdonnév
Ekaterina;főnév;tulajdonnév
Elvira;főnév;tulajdonnév
Enna;főnév;tulajdonnév
Eszter;főnév;tulajdonnév
Evita;főnév;tulajdonnév
Ékes;főnév;tulajdonnév
Elza;főnév;tulajdonnév
Eper;főnév;tulajdonnév
Eta;főnév;tulajdonnév
Evódia;főnév;tulajdonnév
Eleanor;főnév;tulajdonnév
Emanuéla;főnév;tulajdonnév
Eperke;főnév;tulajdonnév
Etel;főnév;tulajdonnév
Evolet;főnév;tulajdonnév
Elektra;főnév;tulajdonnév
Emerencia;főnév;tulajdonnév
Epifánia;főnév;tulajdonnév
Etelka;főnév;tulajdonnév
Elen;főnév;tulajdonnév
Emerika;főnév;tulajdonnév
Eponin;főnév;tulajdonnév
Etka;főnév;tulajdonnév
Elena;főnév;tulajdonnév
Emerita;főnév;tulajdonnév
Era;főnév;tulajdonnév
Etta;főnév;tulajdonnév
Eleni;főnév;tulajdonnév
Emerka;főnév;tulajdonnév
Erátó;főnév;tulajdonnév
Etus;főnév;tulajdonnév
Eleonóra;főnév;tulajdonnév
Emese;főnév;tulajdonnév
Erika;főnév;tulajdonnév
Eudoxia;főnév;tulajdonnév
Életke;főnév;tulajdonnév
Émi;főnév;tulajdonnév
Erina;főnév;tulajdonnév
Eufémia;főnév;tulajdonnév
Fabiána;főnév;tulajdonnév
Felicitász;főnév;tulajdonnév
Florina;főnév;tulajdonnév
Fabióla;főnév;tulajdonnév
Ferdinanda;főnév;tulajdonnév
Florinda;főnév;tulajdonnév
Fabrícia;főnév;tulajdonnév
Fernanda;főnév;tulajdonnév
Fortuna;főnév;tulajdonnév
Fadett;főnév;tulajdonnév
Fiametta;főnév;tulajdonnév
Fortunáta;főnév;tulajdonnév
Fahéj;főnév;tulajdonnév
Fiamma;főnév;tulajdonnév
Főbe;főnév;tulajdonnév
Fáni;főnév;tulajdonnév
Fidélia;főnév;tulajdonnév
Franciska;főnév;tulajdonnév
Fanna;főnév;tulajdonnév
Filadelﬁa;főnév;tulajdonnév
Franka;főnév;tulajdonnév
Fanni;főnév;tulajdonnév
Filippa;főnév;tulajdonnév
Franni;főnév;tulajdonnév
Fáta;főnév;tulajdonnév
Fillisz;főnév;tulajdonnév
Freja;főnév;tulajdonnév
Fatima;főnév;tulajdonnév
Filoméla;főnév;tulajdonnév
Frézia;főnév;tulajdonnév
Fatime;főnév;tulajdonnév
Filoména;főnév;tulajdonnév
Frida;főnév;tulajdonnév
Fausztina;főnév;tulajdonnév
Filotea;főnév;tulajdonnév
Friderika;főnév;tulajdonnév
Fébé;főnév;tulajdonnév
Fióna;főnév;tulajdonnév
Fruzsina;főnév;tulajdonnév
Febrónia;főnév;tulajdonnév
Fiorella;főnév;tulajdonnév
Fulvia;főnév;tulajdonnév
Federika;főnév;tulajdonnév
Fioretta;főnév;tulajdonnév
Fürtike;főnév;tulajdonnév
Fedóra;főnév;tulajdonnév
Firtos;főnév;tulajdonnév
Füzér;főnév;tulajdonnév
Fédra;főnév;tulajdonnév
Flamina;főnév;tulajdonnév
Füzike;főnév;tulajdonnév
Fehér;főnév;tulajdonnév
Flanna;főnév;tulajdonnév
Fehéra;főnév;tulajdonnév
Flávia;főnév;tulajdonnév
Fehére;főnév;tulajdonnév
Flóra;főnév;tulajdonnév
Fehérke;főnév;tulajdonnév
Floransz;főnév;tulajdonnév
Felícia;főnév;tulajdonnév
Florencia;főnév;tulajdonnév
Feliciána;főnév;tulajdonnév
Florentina;főnév;tulajdonnév
Felicita;főnév;tulajdonnév
Florianna;főnév;tulajdonnév
Felicitás;főnév;tulajdonnév
Florica;főnév;tulajdonnév
Gabriella;főnév;tulajdonnév
Gertrúdisz;főnév;tulajdonnév
Gizella;főnév;tulajdonnév
Gajána;főnév;tulajdonnév
Gesztenye;főnév;tulajdonnév
Glenda;főnév;tulajdonnév
Galamb;főnév;tulajdonnév
Gilberta;főnév;tulajdonnév
Glória;főnév;tulajdonnév
Galatea;főnév;tulajdonnév
Gilda;főnév;tulajdonnév
Godiva;főnév;tulajdonnév
Galina;főnév;tulajdonnév
Gina;főnév;tulajdonnév
Golda;főnév;tulajdonnév
Gardénia;főnév;tulajdonnév
Giszmunda;főnév;tulajdonnév
Goldina;főnév;tulajdonnév
Géda;főnév;tulajdonnév
Gitta;főnév;tulajdonnév
Gordána;főnév;tulajdonnév
Géla;főnév;tulajdonnév
Giza;főnév;tulajdonnév
Grácia;főnév;tulajdonnév
Gemella;főnév;tulajdonnév
Graciána;főnév;tulajdonnév
Gemma;főnév;tulajdonnév
Graciella;főnév;tulajdonnév
Génia;főnév;tulajdonnév
Gréta;főnév;tulajdonnév
Genovéva;főnév;tulajdonnév
Gréte;főnév;tulajdonnév
Georgina;főnév;tulajdonnév
Gréti;főnév;tulajdonnév
Gerbera;főnév;tulajdonnév
Grizelda;főnév;tulajdonnév
Gerda;főnév;tulajdonnév
Grizeldisz;főnév;tulajdonnév
Gerle;főnév;tulajdonnév
Gunda;főnév;tulajdonnév
Gertrúd;főnév;tulajdonnév
Gvendolin;főnév;tulajdonnév
Gy;főnév;tulajdonnév
Gyémánt;főnév;tulajdonnév
Gyömbér;főnév;tulajdonnév
Gyöngyike;főnév;tulajdonnév
Gyöngyvirág;főnév;tulajdonnév
Gyopár;főnév;tulajdonnév
Gyöngy;főnév;tulajdonnév
Gyöngyös;főnév;tulajdonnév
Györgyi;főnév;tulajdonnév
Gyopárka;főnév;tulajdonnév
Gyöngyi;főnév;tulajdonnév
Gyöngyvér;főnév;tulajdonnév
Györgyike;főnév;tulajdonnév
Hadassa;főnév;tulajdonnév
Hanni;főnév;tulajdonnév
Helén;főnév;tulajdonnév
Heszna;főnév;tulajdonnév
Holli;főnév;tulajdonnév
Hágár;főnév;tulajdonnév
Hargita;főnév;tulajdonnév
Heléna;főnév;tulajdonnév
Hetti;főnév;tulajdonnév
Honóra;főnév;tulajdonnév
Hajna;főnév;tulajdonnév
Hargitta;főnév;tulajdonnév
Helga;főnév;tulajdonnév
Hiacinta;főnév;tulajdonnév
Honoráta;főnév;tulajdonnév
Hajnácska;főnév;tulajdonnév
Harmat;főnév;tulajdonnév
Helka;főnév;tulajdonnév
Hieronima;főnév;tulajdonnév
Honória;főnév;tulajdonnév
Hajnal;főnév;tulajdonnév
Harmatka;főnév;tulajdonnév
Hella;főnév;tulajdonnév
Hilária;főnév;tulajdonnév
Honorina;főnév;tulajdonnév
Hajnalka;főnév;tulajdonnév
Harriet;főnév;tulajdonnév
Heni;főnév;tulajdonnév
Hilda;főnév;tulajdonnév
Honorka;főnév;tulajdonnév
Hajni;főnév;tulajdonnév
Havaska;főnév;tulajdonnév
Henriett;főnév;tulajdonnév
Hildegárd;főnév;tulajdonnév
Horácia;főnév;tulajdonnév
Hanga;főnév;tulajdonnév
Hedda;főnév;tulajdonnév
Henrietta;főnév;tulajdonnév
Hildelita;főnév;tulajdonnév
Hortenzia;főnév;tulajdonnév
Hanka;főnév;tulajdonnév
Hédi;főnév;tulajdonnév
Héra;főnév;tulajdonnév
Hilka;főnév;tulajdonnév
Hóvirág;főnév;tulajdonnév
Hanna;főnév;tulajdonnév
Hedvig;főnév;tulajdonnév
Hermia;főnév;tulajdonnév
Hippia;főnév;tulajdonnév
Huberta;főnév;tulajdonnév
Hannadóra;főnév;tulajdonnév
Heidi;főnév;tulajdonnév
Hermina;főnév;tulajdonnév
Hippolita;főnév;tulajdonnév
Hunóra;főnév;tulajdonnév
Hannaliza;főnév;tulajdonnév
Héla;főnév;tulajdonnév
Herta;főnév;tulajdonnév
Hófehérke;főnév;tulajdonnév
Hunorka;főnév;tulajdonnév
Hannaróza;főnév;tulajdonnév
Holda;főnév;tulajdonnév
Ibolya;főnév;tulajdonnév
Imola;főnév;tulajdonnév
Ivon;főnév;tulajdonnév
Ica;főnév;tulajdonnév
Inana;főnév;tulajdonnév
Ivonn;főnév;tulajdonnév
Ida;főnév;tulajdonnév
Indira;főnév;tulajdonnév
Iza;főnév;tulajdonnév
Idril;főnév;tulajdonnév
Indra;főnév;tulajdonnév
Izabel;főnév;tulajdonnév
Iduna;főnév;tulajdonnév
Inez;főnév;tulajdonnév
Izabell;főnév;tulajdonnév
Iﬁgénia;főnév;tulajdonnév
Inge;főnév;tulajdonnév
Izabella;főnév;tulajdonnév
Ignácia;főnév;tulajdonnév
Ingeborg;főnév;tulajdonnév
Izaura;főnév;tulajdonnév
Ila;főnév;tulajdonnév
Ingrid;főnév;tulajdonnév
Izidóra;főnév;tulajdonnév
Ilang;főnév;tulajdonnév
Inka;főnév;tulajdonnév
Ízisz;főnév;tulajdonnév
Ilda;főnév;tulajdonnév
Innocencia;főnév;tulajdonnév
Izméne;főnév;tulajdonnév
Ildikó;főnév;tulajdonnév
Ippolita;főnév;tulajdonnév
Izolda;főnév;tulajdonnév
Ilka;főnév;tulajdonnév
Irén;főnév;tulajdonnév
Izóra;főnév;tulajdonnév
Illa;főnév;tulajdonnév
Iréne;főnév;tulajdonnév
Illangó;főnév;tulajdonnév
Irina;főnév;tulajdonnév
Ilma;főnév;tulajdonnév
Iringó;főnév;tulajdonnév
Ilon;főnév;tulajdonnév
Írisz;főnév;tulajdonnév
Ilona;főnév;tulajdonnév
Irma;főnév;tulajdonnév
Ilonka;főnév;tulajdonnév
Isméria;főnév;tulajdonnév
Ilus;főnév;tulajdonnév
Itala;főnév;tulajdonnév
Iluska;főnév;tulajdonnév
Ivána;főnév;tulajdonnév
Ilze;főnév;tulajdonnév
Ivett;főnév;tulajdonnév
Imelda;főnév;tulajdonnév
Ivetta;főnév;tulajdonnév
Immakuláta;főnév;tulajdonnév
Ivica;főnév;tulajdonnév
Imodzsen;főnév;tulajdonnév
Ividő;főnév;tulajdonnév
Imogén;főnév;tulajdonnév
Ivola;főnév;tulajdonnév
Jácinta;főnév;tulajdonnév
Jerta;főnév;tulajdonnév
Julietta;főnév;tulajdonnév
Jáde;főnév;tulajdonnév
Jeszénia;főnév;tulajdonnév
Julilla;főnév;tulajdonnév
Jádránka;főnév;tulajdonnév
Jetta;főnév;tulajdonnév
Julinka;főnév;tulajdonnév
Jadviga;főnév;tulajdonnév
Jetti;főnév;tulajdonnév
Juliska;főnév;tulajdonnév
Jáhel;főnév;tulajdonnév
Johanna;főnév;tulajdonnév
Julitta;főnév;tulajdonnév
Jaina;főnév;tulajdonnév
Johara;főnév;tulajdonnév
Júnó;főnév;tulajdonnév
Jakobina;főnév;tulajdonnév
Jokébed;főnév;tulajdonnév
Jusztícia;főnév;tulajdonnév
Jamina;főnév;tulajdonnév
Jolán;főnév;tulajdonnév
Jusztina;főnév;tulajdonnév
Jana;főnév;tulajdonnév
Jolanda;főnév;tulajdonnév
Jusztínia;főnév;tulajdonnév
Janina;főnév;tulajdonnév
Jolánta;főnév;tulajdonnév
Jutka;főnév;tulajdonnév
Janka;főnév;tulajdonnév
Joli;főnév;tulajdonnév
Jutta;főnév;tulajdonnév
Jára;főnév;tulajdonnév
Jolina;főnév;tulajdonnév
Jarmila;főnév;tulajdonnév
Jonka;főnév;tulajdonnév
Jávorka;főnév;tulajdonnév
Jordána;főnév;tulajdonnév
Jázmin;főnév;tulajdonnév
Joszina;főnév;tulajdonnév
Jázmina;főnév;tulajdonnév
Jována;főnév;tulajdonnév
Jelena;főnév;tulajdonnév
Jozefa;főnév;tulajdonnév
Jelina;főnév;tulajdonnév
Jozeﬁn;főnév;tulajdonnév
Jelka;főnév;tulajdonnév
Jozeﬁna;főnév;tulajdonnév
Jella;főnév;tulajdonnév
Józsa;főnév;tulajdonnév
Jemima;főnév;tulajdonnév
Judit;főnév;tulajdonnév
Jenni;főnév;tulajdonnév
Juli;főnév;tulajdonnév
Jente;főnév;tulajdonnév
Júlia;főnév;tulajdonnév
Jerne;főnév;tulajdonnév
Juliána;főnév;tulajdonnév
Jeronima;főnév;tulajdonnév
Julianna;főnév;tulajdonnév
Kála;főnév;tulajdonnév
Kasszandra;főnév;tulajdonnév
Kincs;főnév;tulajdonnév
Klió;főnév;tulajdonnév
Krisztabell;főnév;tulajdonnév
Kalina;főnév;tulajdonnév
Kata;főnév;tulajdonnév
Kincső;főnév;tulajdonnév
Kloé;főnév;tulajdonnév
Krisztiána;főnév;tulajdonnév
Kalipszó;főnév;tulajdonnév
Katalin;főnév;tulajdonnév
Kinga;főnév;tulajdonnév
Klotild;főnév;tulajdonnév
Krisztina;főnév;tulajdonnév
Kalli;főnév;tulajdonnév
Katarina;főnév;tulajdonnév
Kira;főnév;tulajdonnév
Kolett;főnév;tulajdonnév
Krizanta;főnév;tulajdonnév
Kalliopé;főnév;tulajdonnév
Katerina;főnév;tulajdonnév
Kíra;főnév;tulajdonnév
Koletta;főnév;tulajdonnév
Kunigunda;főnév;tulajdonnév
Kalliszta;főnév;tulajdonnév
Kati;főnév;tulajdonnév
Kiri;főnév;tulajdonnév
Kolomba;főnév;tulajdonnév
Küllikki;főnév;tulajdonnév
Kámea;főnév;tulajdonnév
Katica;főnév;tulajdonnév
Kirilla;főnév;tulajdonnév
Kolombina;főnév;tulajdonnév
Küne;főnév;tulajdonnév
Kamélia;főnév;tulajdonnév
Katinka;főnév;tulajdonnév
Kisanna;főnév;tulajdonnév
Konkordia;főnév;tulajdonnév
Kamilia;főnév;tulajdonnév
Kató;főnév;tulajdonnév
Kisó;főnév;tulajdonnév
Konstancia;főnév;tulajdonnév
Kamilla;főnév;tulajdonnév
Katrin;főnév;tulajdonnév
Kitana;főnév;tulajdonnév
Konstantina;főnév;tulajdonnév
Kandida;főnév;tulajdonnév
Kátya;főnév;tulajdonnév
Kitti;főnév;tulajdonnév
Kora;főnév;tulajdonnév
Karen;főnév;tulajdonnév
Kelli;főnév;tulajdonnév
Klára;főnév;tulajdonnév
Korália;főnév;tulajdonnév
Karin;főnév;tulajdonnév
Kendra;főnév;tulajdonnév
Klári;főnév;tulajdonnév
Korall;főnév;tulajdonnév
Karina;főnév;tulajdonnév
Kenza;főnév;tulajdonnév
Klarisz;főnév;tulajdonnév
Kordélia;főnév;tulajdonnév
Karitász;főnév;tulajdonnév
Kéra;főnév;tulajdonnév
Klarissza;főnév;tulajdonnév
Korina;főnév;tulajdonnév
Karla;főnév;tulajdonnév
Kéren;főnév;tulajdonnév
Klaudetta;főnév;tulajdonnév
Korinna;főnév;tulajdonnév
Karméla;főnév;tulajdonnév
Kerka;főnév;tulajdonnév
Klaudia;főnév;tulajdonnév
Kornélia;főnév;tulajdonnév
Karmelina;főnév;tulajdonnév
Kersztin;főnév;tulajdonnév
Klaudiána;főnév;tulajdonnév
Koronilla;főnév;tulajdonnév
Karmella;főnév;tulajdonnév
Kerubina;főnév;tulajdonnév
Klélia;főnév;tulajdonnév
Kozett;főnév;tulajdonnév
Kármen;főnév;tulajdonnév
Késa;főnév;tulajdonnév
Klemátisz;főnév;tulajdonnév
Kozima;főnév;tulajdonnév
Kármin;főnév;tulajdonnév
Ketrin;főnév;tulajdonnév
Klemencia;főnév;tulajdonnév
Kökény;főnév;tulajdonnév
Karola;főnév;tulajdonnév
Kiara;főnév;tulajdonnév
Klementin;főnév;tulajdonnév
Kreola;főnév;tulajdonnév
Karolin;főnév;tulajdonnév
Kikinda;főnév;tulajdonnév
Klementina;főnév;tulajdonnév
Kreszcencia;főnév;tulajdonnév
Karolina;főnév;tulajdonnév
Kiliána;főnév;tulajdonnév
Kleó;főnév;tulajdonnév
Krimhilda;főnév;tulajdonnév
Karolt;főnév;tulajdonnév
Kimberli;főnév;tulajdonnév
Kleopátra;főnév;tulajdonnév
Kriszta;főnév;tulajdonnév
Ladiszla;főnév;tulajdonnév
Leona;főnév;tulajdonnév
Liliána;főnév;tulajdonnév
Lola;főnév;tulajdonnév
Lukrécia;főnév;tulajdonnév
Laksmi;főnév;tulajdonnév
Leonarda;főnév;tulajdonnév
Lilianna;főnév;tulajdonnév
Lolita;főnév;tulajdonnév
Lula;főnév;tulajdonnév
Lamberta;főnév;tulajdonnév
Leonetta;főnév;tulajdonnév
Lilibell;főnév;tulajdonnév
Lolli;főnév;tulajdonnév
Lulu;főnév;tulajdonnév
Lana;főnév;tulajdonnév
Leonóra;főnév;tulajdonnév
Lilien;főnév;tulajdonnév
Lóna;főnév;tulajdonnév
Luna;főnév;tulajdonnév
Lara;főnév;tulajdonnév
Leontina;főnév;tulajdonnév
Liliom;főnév;tulajdonnév
Lora;főnév;tulajdonnév
Lüszi;főnév;tulajdonnév
Larcia;főnév;tulajdonnév
Leopolda;főnév;tulajdonnév
Liliróza;főnév;tulajdonnév
Lorella;főnév;tulajdonnév
Larina;főnév;tulajdonnév
Leopoldina;főnév;tulajdonnév
Lilla;főnév;tulajdonnév
Lorena;főnév;tulajdonnév
Larissza;főnév;tulajdonnév
Leóti;főnév;tulajdonnév
Lilu;főnév;tulajdonnév
Loréna;főnév;tulajdonnév
Lartia;főnév;tulajdonnév
Letícia;főnév;tulajdonnév
Lina;főnév;tulajdonnév
Lorenza;főnév;tulajdonnév
Latinka;főnév;tulajdonnév
Letisa;főnév;tulajdonnév
Linda;főnév;tulajdonnév
Lorett;főnév;tulajdonnév
Laura;főnév;tulajdonnév
Létó;főnév;tulajdonnév
Linett;főnév;tulajdonnév
Loretta;főnév;tulajdonnév
Laurencia;főnév;tulajdonnév
Letta;főnév;tulajdonnév
Linetta;főnév;tulajdonnév
Loriana;főnév;tulajdonnév
Lauretta;főnév;tulajdonnév
Letti;főnév;tulajdonnév
Linka;főnév;tulajdonnév
Lorin;főnév;tulajdonnév
Lavínia;főnév;tulajdonnév
Levendula;főnév;tulajdonnév
Lióra;főnév;tulajdonnév
Lorina;főnév;tulajdonnév
Lea;főnév;tulajdonnév
Levízia;főnév;tulajdonnév
Lívia;főnév;tulajdonnév
Lotte;főnév;tulajdonnév
Léda;főnév;tulajdonnév
Lia;főnév;tulajdonnév
Liviána;főnév;tulajdonnév
Lotti;főnév;tulajdonnév
Leila;főnév;tulajdonnév
Liána;főnév;tulajdonnév
Livianna;főnév;tulajdonnév
Luca;főnév;tulajdonnév
Lejla;főnév;tulajdonnév
Lícia;főnév;tulajdonnév
Liza;főnév;tulajdonnév
Lúcia;főnév;tulajdonnév
Léla;főnév;tulajdonnév
Lida;főnév;tulajdonnév
Lizandra;főnév;tulajdonnév
Luciána;főnév;tulajdonnév
Lelle;főnév;tulajdonnév
Lídia;főnév;tulajdonnév
Lizavéta;főnév;tulajdonnév
Lucilla;főnév;tulajdonnév
Léna;főnév;tulajdonnév
Lígia;főnév;tulajdonnév
Lizbett;főnév;tulajdonnév
Lucinda;főnév;tulajdonnév
Léni;főnév;tulajdonnév
Lili;főnév;tulajdonnév
Lizett;főnév;tulajdonnév
Ludmilla;főnév;tulajdonnév
Lenka;főnév;tulajdonnév
Lilia;főnév;tulajdonnév
Lizetta;főnév;tulajdonnév
Ludovika;főnév;tulajdonnév
Lenke;főnév;tulajdonnév
Lilian;főnév;tulajdonnév
Lizi;főnév;tulajdonnév
Lujza;főnév;tulajdonnév
Lenóra;főnév;tulajdonnév
Lilián;főnév;tulajdonnév
Lízia;főnév;tulajdonnév
Lujzi;főnév;tulajdonnév
Mábel;főnév;tulajdonnév
Manfréda;főnév;tulajdonnév
Mariann;főnév;tulajdonnév
Mátka;főnév;tulajdonnév
Méráb;főnév;tulajdonnév
Mimi;főnév;tulajdonnév
Misell;főnév;tulajdonnév
Mabella;főnév;tulajdonnév
Manga;főnév;tulajdonnév
Marianna;főnév;tulajdonnév
Maura;főnév;tulajdonnév
Mercédesz;főnév;tulajdonnév
Mimóza;főnév;tulajdonnév
Moána;főnév;tulajdonnév
Madlen;főnév;tulajdonnév
Manka;főnév;tulajdonnév
Marica;főnév;tulajdonnév
Maurícia;főnév;tulajdonnév
Meredisz;főnév;tulajdonnév
Mína;főnév;tulajdonnév
Modeszta;főnév;tulajdonnév
Madléna;főnév;tulajdonnév
Manna;főnév;tulajdonnév
Mariella;főnév;tulajdonnév
Maxima;főnév;tulajdonnév
Méri;főnév;tulajdonnév
Mínea;főnév;tulajdonnév
Moira;főnév;tulajdonnév
Magda;főnév;tulajdonnév
Manolita;főnév;tulajdonnév
Mariett;főnév;tulajdonnév
Maximilla;főnév;tulajdonnév
Merilin;főnév;tulajdonnév
Minerva;főnév;tulajdonnév
Molli;főnév;tulajdonnév
Magdaléna;főnév;tulajdonnév
Manon;főnév;tulajdonnév
Marietta;főnév;tulajdonnév
Méda;főnév;tulajdonnév
Merima;főnév;tulajdonnév
Minka;főnév;tulajdonnév
Mona;főnév;tulajdonnév
Magdó;főnév;tulajdonnév
Manszvéta;főnév;tulajdonnév
Marika;főnév;tulajdonnév
Medárda;főnév;tulajdonnév
Messzua;főnév;tulajdonnév
Minna;főnév;tulajdonnév
Móna;főnév;tulajdonnév
Magdolna;főnév;tulajdonnév
Manuela;főnév;tulajdonnév
Marilla;főnév;tulajdonnév
Médea;főnév;tulajdonnév
Méta;főnév;tulajdonnév
Minóna;főnév;tulajdonnév
Móni;főnév;tulajdonnév
Magnólia;főnév;tulajdonnév
Manuéla;főnév;tulajdonnév
Marina;főnév;tulajdonnév
Médi;főnév;tulajdonnév
Metella;főnév;tulajdonnév
Mira;főnév;tulajdonnév
Mónika;főnév;tulajdonnév
Magorka;főnév;tulajdonnév
Manuella;főnév;tulajdonnév
Marinella;főnév;tulajdonnév
Megán;főnév;tulajdonnév
Métisz;főnév;tulajdonnév
Míra;főnév;tulajdonnév
Montika;főnév;tulajdonnév
Mahália;főnév;tulajdonnév
Manyi;főnév;tulajdonnév
Marinetta;főnév;tulajdonnév
Meggi;főnév;tulajdonnév
Metta;főnév;tulajdonnév
Mirabel;főnév;tulajdonnév
Morella;főnév;tulajdonnév
Maida;főnév;tulajdonnév
Mara;főnév;tulajdonnév
Marinka;főnév;tulajdonnév
Melani;főnév;tulajdonnév
Mia;főnév;tulajdonnév
Mirabell;főnév;tulajdonnév
Morgána;főnév;tulajdonnév
Maja;főnév;tulajdonnév
Marcella;főnév;tulajdonnév
Marion;főnév;tulajdonnév
Melánia;főnév;tulajdonnév
Mici;főnév;tulajdonnév
Mirabella;főnév;tulajdonnév
Muriel;főnév;tulajdonnév
Majoranna;főnév;tulajdonnév
Marcellina;főnév;tulajdonnév
Marióra;főnév;tulajdonnév
Melina;főnév;tulajdonnév
Miett;főnév;tulajdonnév
Miranda;főnév;tulajdonnév
Múzsa;főnév;tulajdonnév
Makrina;főnév;tulajdonnév
Maréza;főnév;tulajdonnév
Mariska;főnév;tulajdonnév
Melinda;főnév;tulajdonnév
Mietta;főnév;tulajdonnév
Mirandella;főnév;tulajdonnév
Maléna;főnév;tulajdonnév
Margarét;főnév;tulajdonnév
Marita;főnév;tulajdonnév
Melióra;főnév;tulajdonnév
Mihaéla;főnév;tulajdonnév
Mirandola;főnév;tulajdonnév
Malka;főnév;tulajdonnév
Margaréta;főnév;tulajdonnév
Marléne;főnév;tulajdonnév
Melissza;főnév;tulajdonnév
Mikolt;főnév;tulajdonnév
Mirandolína;főnév;tulajdonnév
Málna;főnév;tulajdonnév
Margaretta;főnév;tulajdonnév
Márta;főnév;tulajdonnév
Melitta;főnév;tulajdonnév
Mila;főnév;tulajdonnév
Mirázs;főnév;tulajdonnév
Malvin;főnév;tulajdonnév
Margarita;főnév;tulajdonnév
Martina;főnév;tulajdonnév
Melizand;főnév;tulajdonnév
Milágrosz;főnév;tulajdonnév
Mirea;főnév;tulajdonnév
Malvina;főnév;tulajdonnév
Margit;főnév;tulajdonnév
Martinella;főnév;tulajdonnév
Melodi;főnév;tulajdonnév
Milda;főnév;tulajdonnév
Mirella;főnév;tulajdonnév
Mályva;főnév;tulajdonnév
Margita;főnév;tulajdonnév
Martinka;főnév;tulajdonnév
Melódia;főnév;tulajdonnév
Miléna;főnév;tulajdonnév
Miriam;főnév;tulajdonnév
Manda;főnév;tulajdonnév
Margitta;főnév;tulajdonnév
Masa;főnév;tulajdonnév
Meluzina;főnév;tulajdonnév
Miletta;főnév;tulajdonnév
Mirjam;főnév;tulajdonnév
Mandola;főnév;tulajdonnév
Margó;főnév;tulajdonnév
Mása;főnév;tulajdonnév
Mendi;főnév;tulajdonnév
Milica;főnév;tulajdonnév
Mirjána;főnév;tulajdonnév
Mandorla;főnév;tulajdonnév
Mari;főnév;tulajdonnév
Matild;főnév;tulajdonnév
Menodóra;főnév;tulajdonnév
Milka;főnév;tulajdonnév
Mirka;főnév;tulajdonnév
Mandula;főnév;tulajdonnév
Mária;főnév;tulajdonnév
Matilda;főnév;tulajdonnév
Menta;főnév;tulajdonnév
Milla;főnév;tulajdonnév
Mirtill;főnév;tulajdonnév
Nadett;főnév;tulajdonnév
Nedda;főnév;tulajdonnév
Nimfa;főnév;tulajdonnév
Nadia;főnév;tulajdonnév
Nefelejcs;főnév;tulajdonnév
Nina;főnév;tulajdonnév
Nadin;főnév;tulajdonnév
Nelda;főnév;tulajdonnév
Ninell;főnév;tulajdonnév
Nadinka;főnév;tulajdonnév
Nélia;főnév;tulajdonnév
Ninett;főnév;tulajdonnév
Nádja;főnév;tulajdonnév
Nella;főnév;tulajdonnév
Ninetta;főnév;tulajdonnév
Nanae;főnév;tulajdonnév
Nelli;főnév;tulajdonnév
Ninon;főnév;tulajdonnév
Nanda;főnév;tulajdonnév
Nenszi;főnév;tulajdonnév
Niobé;főnév;tulajdonnév
Nandin;főnév;tulajdonnév
Nerella;főnév;tulajdonnév
Nisá;főnév;tulajdonnév
Nanett;főnév;tulajdonnév
Nerina;főnév;tulajdonnév
Noa;főnév;tulajdonnév
Nanetta;főnév;tulajdonnév
Neste;főnév;tulajdonnév
Noélia;főnév;tulajdonnév
Naomi;főnév;tulajdonnév
Neszrin;főnév;tulajdonnév
Noella;főnév;tulajdonnév
Naómi;főnév;tulajdonnév
Neszta;főnév;tulajdonnév
Noémi;főnév;tulajdonnév
Napsugár;főnév;tulajdonnév
Netta;főnév;tulajdonnév
Nola;főnév;tulajdonnév
Nárcisz;főnév;tulajdonnév
Netti;főnév;tulajdonnév
Nomin;főnév;tulajdonnév
Narcissza;főnév;tulajdonnév
Néva;főnév;tulajdonnév
Nona;főnév;tulajdonnév
Narina;főnév;tulajdonnév
Nia;főnév;tulajdonnév
Nóna;főnév;tulajdonnév
Narmin;főnév;tulajdonnév
Niké;főnév;tulajdonnév
Nóra;főnév;tulajdonnév
Násfa;főnév;tulajdonnév
Niki;főnév;tulajdonnév
Norberta;főnév;tulajdonnév
Nasztázia;főnév;tulajdonnév
Nikodémia;főnév;tulajdonnév
Nóri;főnév;tulajdonnév
Natali;főnév;tulajdonnév
Nikol;főnév;tulajdonnév
Norina;főnév;tulajdonnév
Natália;főnév;tulajdonnév
Nikola;főnév;tulajdonnév
Norka;főnév;tulajdonnév
Natasa;főnév;tulajdonnév
Nikolett;főnév;tulajdonnév
Norma;főnév;tulajdonnév
Nauszika;főnév;tulajdonnév
Nikoletta;főnév;tulajdonnév
Nausziká;főnév;tulajdonnév
Níla;főnév;tulajdonnév
Nauzika;főnév;tulajdonnév
Nilla;főnév;tulajdonnév
Ny;főnév;tulajdonnév
Nyeste;főnév;tulajdonnév
Nyina;főnév;tulajdonnév
Oana;főnév;tulajdonnév
Olga;főnév;tulajdonnév
Opál;főnév;tulajdonnév
Orsika;főnév;tulajdonnév
Odett;főnév;tulajdonnév
Oliána;főnév;tulajdonnév
Opika;főnév;tulajdonnév
Orsolya;főnév;tulajdonnév
Odetta;főnév;tulajdonnév
Olimpia;főnév;tulajdonnév
Orália;főnév;tulajdonnév
Oszvalda;főnév;tulajdonnév
Odil;főnév;tulajdonnév
Olina;főnév;tulajdonnév
Orchidea;főnév;tulajdonnév
Otília;főnév;tulajdonnév
Odília;főnév;tulajdonnév
Olinda;főnév;tulajdonnév
Orgona;főnév;tulajdonnév
Ottilia;főnév;tulajdonnév
Ofélia;főnév;tulajdonnév
Oliva;főnév;tulajdonnév
Oriána;főnév;tulajdonnév
Oxána;főnév;tulajdonnév
Oktávia;főnév;tulajdonnév
Olívia;főnév;tulajdonnév
Orsi;főnév;tulajdonnév
Örsi;főnév;tulajdonnév
Örzse;főnév;tulajdonnév
Őszike;főnév;tulajdonnév
Őzike;főnév;tulajdonnév
Pálma;főnév;tulajdonnév
Perpétua;főnév;tulajdonnév
Priszcilla;főnév;tulajdonnév
Palmira;főnév;tulajdonnév
Petra;főnév;tulajdonnév
Prudencia;főnév;tulajdonnév
Palóma;főnév;tulajdonnév
Petronella;főnév;tulajdonnév
Psziché;főnév;tulajdonnév
Pamela;főnév;tulajdonnév
Petrónia;főnév;tulajdonnév
Paméla;főnév;tulajdonnév
Petúnia;főnév;tulajdonnév
Pamína;főnév;tulajdonnév
Pilár;főnév;tulajdonnév
Pandora;főnév;tulajdonnév
Pintyőke;főnév;tulajdonnév
Pandóra;főnév;tulajdonnév
Pírea;főnév;tulajdonnév
Panka;főnév;tulajdonnév
Piri;főnév;tulajdonnév
Panna;főnév;tulajdonnév
Pirit;főnév;tulajdonnév
Panni;főnév;tulajdonnév
Piros;főnév;tulajdonnév
Paszkália;főnév;tulajdonnév
Piroska;főnév;tulajdonnév
Pasztorella;főnév;tulajdonnév
Placida;főnév;tulajdonnév
Patrícia;főnév;tulajdonnév
Platina;főnév;tulajdonnév
Paula;főnév;tulajdonnév
Polda;főnév;tulajdonnév
Pauletta;főnév;tulajdonnév
Polett;főnév;tulajdonnév
Paulin;főnév;tulajdonnév
Pólika;főnév;tulajdonnév
Paulina;főnév;tulajdonnév
Polina;főnév;tulajdonnév
Peggi;főnév;tulajdonnév
Polixéna;főnév;tulajdonnév
Pelágia;főnév;tulajdonnév
Polla;főnév;tulajdonnév
Pénelopé;főnév;tulajdonnév
Polli;főnév;tulajdonnév
Peónia;főnév;tulajdonnév
Pompília;főnév;tulajdonnév
Peregrina;főnév;tulajdonnév
Pompónia;főnév;tulajdonnév
Perenna;főnév;tulajdonnév
Poppea;főnév;tulajdonnév
Perla;főnév;tulajdonnév
Primula;főnév;tulajdonnév
Ráchel;főnév;tulajdonnév
Rézi;főnév;tulajdonnév
Roxán;főnév;tulajdonnév
Ruperta;főnév;tulajdonnév
Rafaéla;főnév;tulajdonnév
Ria;főnév;tulajdonnév
Roxána;főnév;tulajdonnév
Ruszalka;főnév;tulajdonnév
Rafaella;főnév;tulajdonnév
Riana;főnév;tulajdonnév
Róza;főnév;tulajdonnév
Ruszlána;főnév;tulajdonnév
Ráhel;főnév;tulajdonnév
Rika;főnév;tulajdonnév
Rozál;főnév;tulajdonnév
Rut;főnév;tulajdonnév
Rahima;főnév;tulajdonnév
Ríka;főnév;tulajdonnév
Rozália;főnév;tulajdonnév
Ruzsinka;főnév;tulajdonnév
Rajmonda;főnév;tulajdonnév
Rikarda;főnév;tulajdonnév
Rozalinda;főnév;tulajdonnév
Rajmunda;főnév;tulajdonnév
Ripszima;főnév;tulajdonnév
Rózamari;főnév;tulajdonnév
Rákhel;főnév;tulajdonnév
Rita;főnév;tulajdonnév
Rozamunda;főnév;tulajdonnév
Rákis;főnév;tulajdonnév
Ritta;főnév;tulajdonnév
Rozanna;főnév;tulajdonnév
Ramira;főnév;tulajdonnév
Riza;főnév;tulajdonnév
Rozi;főnév;tulajdonnév
Ramóna;főnév;tulajdonnév
Roberta;főnév;tulajdonnév
Rozina;főnév;tulajdonnév
Rasdi;főnév;tulajdonnév
Robertin;főnév;tulajdonnév
Rozita;főnév;tulajdonnév
Rea;főnév;tulajdonnév
Robertina;főnév;tulajdonnév
Rozmarin;főnév;tulajdonnév
Rebeka;főnév;tulajdonnév
Robina;főnév;tulajdonnév
Rozmaring;főnév;tulajdonnév
Rege;főnév;tulajdonnév
Robinetta;főnév;tulajdonnév
Rozvita;főnév;tulajdonnév
Regina;főnév;tulajdonnév
Rodé;főnév;tulajdonnév
Rózsa;főnév;tulajdonnév
Réka;főnév;tulajdonnév
Rodelinda;főnév;tulajdonnév
Rózsi;főnév;tulajdonnév
Relinda;főnév;tulajdonnév
Romána;főnév;tulajdonnév
Röné;főnév;tulajdonnév
Rella;főnév;tulajdonnév
Romi;főnév;tulajdonnév
Rubi;főnév;tulajdonnév
Relli;főnév;tulajdonnév
Romina;főnév;tulajdonnév
Rubin;főnév;tulajdonnév
Remény;főnév;tulajdonnév
Rominett;főnév;tulajdonnév
Rubina;főnév;tulajdonnév
Reményke;főnév;tulajdonnév
Romola;főnév;tulajdonnév
Rubinka;főnév;tulajdonnév
Renáta;főnév;tulajdonnév
Ronett;főnév;tulajdonnév
Rudolﬁna;főnév;tulajdonnév
Réta;főnév;tulajdonnév
Ronetta;főnév;tulajdonnév
Ruﬁna;főnév;tulajdonnév
Rezeda;főnév;tulajdonnév
Rovéna;főnév;tulajdonnév
Rúna;főnév;tulajdonnév
Sába;főnév;tulajdonnév
Sanel;főnév;tulajdonnév
Sáron;főnév;tulajdonnév
Sirá;főnév;tulajdonnév
Sudárka;főnév;tulajdonnév
Sáfély;főnév;tulajdonnév
Santál;főnév;tulajdonnév
Seherezádé;főnév;tulajdonnév
Siváni;főnév;tulajdonnév
Sugár;főnév;tulajdonnév
Sáfrány;főnév;tulajdonnév
Sára;főnév;tulajdonnév
Seila;főnév;tulajdonnév
Skolasztika;főnév;tulajdonnév
Sugárka;főnév;tulajdonnév
Sakira;főnév;tulajdonnév
Sári;főnév;tulajdonnév
Sejla;főnév;tulajdonnév
Stefánia;főnév;tulajdonnév
Salomé;főnév;tulajdonnév
Sarlott;főnév;tulajdonnév
Senon;főnév;tulajdonnév
Steﬁ;főnév;tulajdonnév
Salóme;főnév;tulajdonnév
Sarolt;főnév;tulajdonnév
Seron;főnév;tulajdonnév
Stella;főnév;tulajdonnév
Samuella;főnév;tulajdonnév
Sarolta;főnév;tulajdonnév
Sifra;főnév;tulajdonnév
Sudár;főnév;tulajdonnév
Szabella;főnév;tulajdonnév
Szelli;főnév;tulajdonnév
Sziéna;főnév;tulajdonnév
Szkilla;főnév;tulajdonnév
Szabina;főnév;tulajdonnév
Szellő;főnév;tulajdonnév
Sziglind;főnév;tulajdonnév
Szoﬁ;főnév;tulajdonnév
Szabrina;főnév;tulajdonnév
Szellőke;főnév;tulajdonnév
Szilárda;főnév;tulajdonnév
Szoﬁa;főnév;tulajdonnév
Szafﬁ;főnév;tulajdonnév
Szelma;főnév;tulajdonnév
Szille;főnév;tulajdonnév
Szóﬁa;főnév;tulajdonnév
Szaﬁra;főnév;tulajdonnév
Szemerke;főnév;tulajdonnév
Szilvána;főnév;tulajdonnév
Szoﬁnett;főnév;tulajdonnév
Szalima;főnév;tulajdonnév
Szemira;főnév;tulajdonnév
Szilvesztra;főnév;tulajdonnév
Szofrónia;főnév;tulajdonnév
Szalóme;főnév;tulajdonnév
Szemirámisz;főnév;tulajdonnév
Szilvia;főnév;tulajdonnév
Szolanzs;főnév;tulajdonnév
Szalvia;főnév;tulajdonnév
Szemőke;főnév;tulajdonnév
Szimka;főnév;tulajdonnév
Szona;főnév;tulajdonnév
Szamanta;főnév;tulajdonnév
Szendi;főnév;tulajdonnév
Szimóna;főnév;tulajdonnév
Szonja;főnév;tulajdonnév
Szamira;főnév;tulajdonnév
Szendike;főnév;tulajdonnév
Szimonett;főnév;tulajdonnév
Szonóra;főnév;tulajdonnév
Szamóca;főnév;tulajdonnév
Szendile;főnév;tulajdonnév
Szimonetta;főnév;tulajdonnév
Szoraja;főnév;tulajdonnév
Szandra;főnév;tulajdonnév
Szénia;főnév;tulajdonnév
Szindi;főnév;tulajdonnév
Szorina;főnév;tulajdonnév
Szanna;főnév;tulajdonnév
Szenta;főnév;tulajdonnév
Színes;főnév;tulajdonnév
Szörénke;főnév;tulajdonnév
Szantána;főnév;tulajdonnév
Szépa;főnév;tulajdonnév
Szinta;főnév;tulajdonnév
Sztavrula;főnév;tulajdonnév
Szantina;főnév;tulajdonnév
Szépe;főnév;tulajdonnév
Szintia;főnév;tulajdonnév
Sztefani;főnév;tulajdonnév
Száva;főnév;tulajdonnév
Szera;főnév;tulajdonnév
Szira;főnév;tulajdonnév
Sztella;főnév;tulajdonnév
Szavanna;főnév;tulajdonnév
Szereﬁna;főnév;tulajdonnév
Szíra;főnév;tulajdonnév
Szulamit;főnév;tulajdonnév
Szavéta;főnév;tulajdonnév
Szeréna;főnév;tulajdonnév
Szirén;főnév;tulajdonnév
Szulejka;főnév;tulajdonnév
Szavina;főnév;tulajdonnév
Szerénke;főnév;tulajdonnév
Sziringa;főnév;tulajdonnév
Szulikó;főnév;tulajdonnév
Szávitri;főnév;tulajdonnév
Szeverina;főnév;tulajdonnév
Szirka;főnév;tulajdonnév
Szulita;főnév;tulajdonnév
Szébra;főnév;tulajdonnév
Szibill;főnév;tulajdonnév
Szirom;főnév;tulajdonnév
Szultána;főnév;tulajdonnév
Szederke;főnév;tulajdonnév
Szibilla;főnév;tulajdonnév
Szironka;főnév;tulajdonnév
Szüntüké;főnév;tulajdonnév
Szedra;főnév;tulajdonnév
Szidalisz;főnév;tulajdonnév
Szixtin;főnév;tulajdonnév
Szüvellő;főnév;tulajdonnév
Szegfű;főnév;tulajdonnév
Szidi;főnév;tulajdonnév
Szixtina;főnév;tulajdonnév
Szvetlána;főnév;tulajdonnév
Szelina;főnév;tulajdonnév
Szidónia;főnév;tulajdonnév
Szkarlett;főnév;tulajdonnév
Tábita;főnév;tulajdonnév
Teodolinda;főnév;tulajdonnév
Tília;főnév;tulajdonnév
Tulipán;főnév;tulajdonnév
Tácia;főnév;tulajdonnév
Teodóra;főnév;tulajdonnév
Tilla;főnév;tulajdonnév
Tullia;főnév;tulajdonnév
Taciána;főnév;tulajdonnév
Teodózia;főnév;tulajdonnév
Tímea;főnév;tulajdonnév
Tünde;főnév;tulajdonnév
Taisza;főnév;tulajdonnév
Teofánia;főnév;tulajdonnév
Timona;főnév;tulajdonnév
Tündér;főnév;tulajdonnév
Tália;főnév;tulajdonnév
Teoﬁla;főnév;tulajdonnév
Timótea;főnév;tulajdonnév
Tündi;főnév;tulajdonnév
Talita;főnév;tulajdonnév
Teónia;főnév;tulajdonnév
Tina;főnév;tulajdonnév
Tűzvirág;főnév;tulajdonnév
Támár;főnév;tulajdonnév
Tercia;főnév;tulajdonnév
Tinetta;főnév;tulajdonnév
Tamara;főnév;tulajdonnév
Teréz;főnév;tulajdonnév
Tinka;főnév;tulajdonnév
Tamina;főnév;tulajdonnév
Tereza;főnév;tulajdonnév
Tíra;főnév;tulajdonnév
Tanázia;főnév;tulajdonnév
Teréza;főnév;tulajdonnév
Tirca;főnév;tulajdonnév
Tanita;főnév;tulajdonnév
Terézia;főnév;tulajdonnév
Tíria;főnév;tulajdonnév
Tánya;főnév;tulajdonnév
Teri;főnév;tulajdonnév
Tirza;főnév;tulajdonnév
Tara;főnév;tulajdonnév
Terka;főnév;tulajdonnév
Titánia;főnév;tulajdonnév
Tarzícia;főnév;tulajdonnév
Tertullia;főnév;tulajdonnév
Titanilla;főnév;tulajdonnév
Tatjána;főnév;tulajdonnév
Tessza;főnév;tulajdonnév
Titti;főnév;tulajdonnév
Tavasz;főnév;tulajdonnév
Tétisz;főnév;tulajdonnév
Tittína;főnév;tulajdonnév
Tavaszka;főnév;tulajdonnév
Tia;főnév;tulajdonnév
Tóbia;főnév;tulajdonnév
Tea;főnév;tulajdonnév
Tiana;főnév;tulajdonnév
Tóbia;főnév;tulajdonnév
Tegza;főnév;tulajdonnév
Tiána;főnév;tulajdonnév
Tomazina;főnév;tulajdonnév
Tekla;főnév;tulajdonnév
Tiara;főnév;tulajdonnév
Topáz;főnév;tulajdonnév
Telma;főnév;tulajdonnév
Tícia;főnév;tulajdonnév
Toszka;főnév;tulajdonnév
Témisz;főnév;tulajdonnév
Ticiána;főnév;tulajdonnév
Triniti;főnév;tulajdonnév
Téna;főnév;tulajdonnév
Tifani;főnév;tulajdonnév
Trixi;főnév;tulajdonnév
Ténia;főnév;tulajdonnév
Tikva;főnév;tulajdonnév
Trudi;főnév;tulajdonnév
Teobalda;főnév;tulajdonnév
Tilda;főnév;tulajdonnév
Túlia;főnév;tulajdonnév
Uljána;főnév;tulajdonnév
Úna;főnév;tulajdonnév
Urszula;főnév;tulajdonnév
Uzonka;főnév;tulajdonnév
Ulla;főnév;tulajdonnév
Uránia;főnév;tulajdonnév
Urzula;főnév;tulajdonnév
Ulrika;főnév;tulajdonnév
Urbána;főnév;tulajdonnév
Urzulina;főnév;tulajdonnév
Üdvöske;főnév;tulajdonnév
Ünige;főnév;tulajdonnév
Vadvirág;főnév;tulajdonnév
Vélia;főnév;tulajdonnév
Veszta;főnév;tulajdonnév
Villő;főnév;tulajdonnév
Víta;főnév;tulajdonnév
Valencia;főnév;tulajdonnév
Velmira;főnév;tulajdonnév
Véta;főnév;tulajdonnév
Vilma;főnév;tulajdonnév
Vitália;főnév;tulajdonnév
Valentina;főnév;tulajdonnév
Vendelina;főnév;tulajdonnév
Vetúria;főnév;tulajdonnév
Vincencia;főnév;tulajdonnév
Vitolda;főnév;tulajdonnév
Valéria;főnév;tulajdonnév
Vénusz;főnév;tulajdonnév
Via;főnév;tulajdonnév
Viola;főnév;tulajdonnév
Viviána;főnév;tulajdonnév
Vanda;főnév;tulajdonnév
Vera;főnév;tulajdonnév
Vica;főnév;tulajdonnév
Violenta;főnév;tulajdonnév
Vivianna;főnév;tulajdonnév
Vanessza;főnév;tulajdonnév
Veránka;főnév;tulajdonnév
Viki;főnév;tulajdonnév
Violet;főnév;tulajdonnév
Vivien;főnév;tulajdonnév
Vanilla;főnév;tulajdonnév
Verbéna;főnév;tulajdonnév
Vikta;főnév;tulajdonnév
Violett;főnév;tulajdonnév
Vivika;főnév;tulajdonnév
Varínia;főnév;tulajdonnév
Veréna;főnév;tulajdonnév
Viktória;főnév;tulajdonnév
Violetta;főnév;tulajdonnév
Vrinda;főnév;tulajdonnév
Vásti;főnév;tulajdonnév
Verita;főnév;tulajdonnév
Viktorina;főnév;tulajdonnév
Viorika;főnév;tulajdonnév
Vulﬁa;főnév;tulajdonnév
Vaszília;főnév;tulajdonnév
Veron;főnév;tulajdonnév
Vilászini;főnév;tulajdonnév
Virág;főnév;tulajdonnév
Veca;főnév;tulajdonnév
Verona;főnév;tulajdonnév
Vilhelma;főnév;tulajdonnév
Virgília;főnév;tulajdonnév
Véda;főnév;tulajdonnév
Veronika;főnév;tulajdonnév
Vilhelmina;főnév;tulajdonnév
Virgínia;főnév;tulajdonnév
Veronka;főnév;tulajdonnév
Vilja;főnév;tulajdonnév
Xavéria;főnév;tulajdonnév
Xénia;főnév;tulajdonnév
Xenodiké;főnév;tulajdonnév
Zaﬁra;főnév;tulajdonnév
Zeﬁra;főnév;tulajdonnév
Zenge;főnév;tulajdonnév
Zinaida;főnév;tulajdonnév
Zója;főnév;tulajdonnév
Zahira;főnév;tulajdonnév
Zéla;főnév;tulajdonnév
Zengő;főnév;tulajdonnév
Zinajda;főnév;tulajdonnév
Zolna;főnév;tulajdonnév
Zája;főnév;tulajdonnév
Zelda;főnév;tulajdonnév
Zenina;főnév;tulajdonnév
Zinka;főnév;tulajdonnév
Zoltána;főnév;tulajdonnév
Zakária;főnév;tulajdonnév
Zélia;főnév;tulajdonnév
Zenke;főnév;tulajdonnév
Zita;főnév;tulajdonnév
Zomilla;főnév;tulajdonnév
Zalánka;főnév;tulajdonnév
Zelina;főnév;tulajdonnév
Zenkő;főnév;tulajdonnév
Ziva;főnév;tulajdonnév
Zonga;főnév;tulajdonnév
Zamﬁra;főnév;tulajdonnév
Zelinda;főnév;tulajdonnév
Zenóbia;főnév;tulajdonnév
Ziza;főnév;tulajdonnév
Zora;főnév;tulajdonnév
Zamira;főnév;tulajdonnév
Zelinde;főnév;tulajdonnév
Zenta;főnév;tulajdonnév
Zizi;főnév;tulajdonnév
Zóra;főnév;tulajdonnév
Zara;főnév;tulajdonnév
Zeline;főnév;tulajdonnév
Zeta;főnév;tulajdonnév
Zoárda;főnév;tulajdonnév
Zorina;főnév;tulajdonnév
Zazi;főnév;tulajdonnév
Zelinke;főnév;tulajdonnév
Zetta;főnév;tulajdonnév
Zoé;főnév;tulajdonnév
Zorinka;főnév;tulajdonnév
Zdenka;főnév;tulajdonnév
Zelka;főnév;tulajdonnév
Zia;főnév;tulajdonnév
Zohara;főnév;tulajdonnév
Zorka;főnév;tulajdonnév
Zea;főnév;tulajdonnév
Zella;főnév;tulajdonnév
Zília;főnév;tulajdonnév
Zoja;főnév;tulajdonnév
Zosja;főnév;tulajdonnév
Zelli;főnév;tulajdonnév
Zille;főnév;tulajdonnév
Zöldike;főnév;tulajdonnév
Zelma;főnév;tulajdonnév
Zimra;főnév;tulajdonnév
Zulejka;főnév;tulajdonnév
Zelmira;főnév;tulajdonnév
Zina;főnév;tulajdonnév
Zsadányka;főnév;tulajdonnév
Zsazsa;főnév;tulajdonnév
Zsinett;főnév;tulajdonnév
Zsuzsánna;főnév;tulajdonnév
Zsaklin;főnév;tulajdonnév
Zselinke;főnév;tulajdonnév
Zsóﬁ;főnév;tulajdonnév
Zsuzsi;főnév;tulajdonnév
Zsálya;főnév;tulajdonnév
Zsella;főnév;tulajdonnév
Zsóﬁa;főnév;tulajdonnév
Zsuzska;főnév;tulajdonnév
Zsanett;főnév;tulajdonnév
Zselyke;főnév;tulajdonnév
Zsóka;főnév;tulajdonnév
Zsüliett;főnév;tulajdonnév
Zsanin;főnév;tulajdonnév
Zseni;főnév;tulajdonnév
Zsolna;főnév;tulajdonnév
Zsüsztin;főnév;tulajdonnév
Zsanina;főnév;tulajdonnév
Zseraldin;főnév;tulajdonnév
Zsorzsett;főnév;tulajdonnév
Zsanka;főnév;tulajdonnév
Zseráldin;főnév;tulajdonnév
Zsuzsa;főnév;tulajdonnév
Zsanna;főnév;tulajdonnév
Zseraldina;főnév;tulajdonnév
Zsuzsanna;főnév;tulajdonnév
Aba;főnév;tulajdonnév
Adelmár;főnév;tulajdonnév
Ajándok;főnév;tulajdonnév
Almár;főnév;tulajdonnév
András;főnév;tulajdonnév
Ardó;főnév;tulajdonnév
Artemon;főnév;tulajdonnév
Avenár;főnév;tulajdonnév
Abád;főnév;tulajdonnév
Adeodát;főnév;tulajdonnév
Ajtony;főnév;tulajdonnév
Álmos;főnév;tulajdonnév
André;főnév;tulajdonnév
Árész;főnév;tulajdonnév
Artúr;főnév;tulajdonnév
Axel;főnév;tulajdonnév
Abbás;főnév;tulajdonnév
Ádér;főnév;tulajdonnév
Akács;főnév;tulajdonnév
Alpár;főnév;tulajdonnév
Andrej;főnév;tulajdonnév
Arétász;főnév;tulajdonnév
Arvéd;főnév;tulajdonnév
Azár;főnév;tulajdonnév
Abdiás;főnév;tulajdonnév
Ádin;főnév;tulajdonnév
Ákos;főnév;tulajdonnév
Alvián;főnév;tulajdonnév
Andzseló;főnév;tulajdonnév
Arián;főnév;tulajdonnév
Arvid;főnév;tulajdonnév
Azim;főnév;tulajdonnév
Abdon;főnév;tulajdonnév
Adolár;főnév;tulajdonnév
Aladár;főnév;tulajdonnév
Alvin;főnév;tulajdonnév
Angelus;főnév;tulajdonnév
Ariel;főnév;tulajdonnév
Arzén;főnév;tulajdonnév
Ábel;főnév;tulajdonnév
Adolf;főnév;tulajdonnév
Aladdin;főnév;tulajdonnév
Amadé;főnév;tulajdonnév
Angelusz;főnév;tulajdonnév
Arion;főnév;tulajdonnév
Aser;főnév;tulajdonnév
Abelárd;főnév;tulajdonnév
Adonisz;főnév;tulajdonnév
Aladin;főnév;tulajdonnév
Amadeusz;főnév;tulajdonnév
Ángyán;főnév;tulajdonnév
Árisz;főnév;tulajdonnév
Áser;főnév;tulajdonnév
Ábner;főnév;tulajdonnév
Adony;főnév;tulajdonnév
Alajos;főnév;tulajdonnév
Amadó;főnév;tulajdonnév
Anicét;főnév;tulajdonnév
Arisztid;főnév;tulajdonnév
Ashraf;főnév;tulajdonnév
Abod;főnév;tulajdonnév
Adorján;főnév;tulajdonnév
Alán;főnév;tulajdonnév
Amand;főnév;tulajdonnév
Aníziusz;főnév;tulajdonnév
Ariton;főnév;tulajdonnév
Asur;főnév;tulajdonnév
Abony;főnév;tulajdonnév
Adrián;főnév;tulajdonnév
Alap;főnév;tulajdonnév
Amator;főnév;tulajdonnév
Antal;főnév;tulajdonnév
Arkád;főnév;tulajdonnév
Aszáf;főnév;tulajdonnév
Abos;főnév;tulajdonnév
Adriánó;főnév;tulajdonnév
Alárd;főnév;tulajdonnév
Ambos;főnév;tulajdonnév
Antigon;főnév;tulajdonnév
Árkád;főnév;tulajdonnév
Aszter;főnév;tulajdonnév
Abosa;főnév;tulajdonnév
Agád;főnév;tulajdonnév
Alarik;főnév;tulajdonnév
Ambró;főnév;tulajdonnév
Anton;főnév;tulajdonnév
Árkos;főnév;tulajdonnév
Asztrik;főnév;tulajdonnév
Ábrahám;főnév;tulajdonnév
Agamemnon;főnév;tulajdonnév
Albert;főnév;tulajdonnév
Ambrus;főnév;tulajdonnév
Antónió;főnév;tulajdonnév
Arlen;főnév;tulajdonnév
Ata;főnév;tulajdonnév
Ábrám;főnév;tulajdonnév
Agapion;főnév;tulajdonnév
Albin;főnév;tulajdonnév
Amin;főnév;tulajdonnév
Antos;főnév;tulajdonnév
Árlen;főnév;tulajdonnév
Atád;főnév;tulajdonnév
Ábrán;főnév;tulajdonnév
Agaton;főnév;tulajdonnév
Aldán;főnév;tulajdonnév
Amir;főnév;tulajdonnév
Anzelm;főnév;tulajdonnév
Armand;főnév;tulajdonnév
Atakám;főnév;tulajdonnév
Ábris;főnév;tulajdonnév
Agenor;főnév;tulajdonnév
Aldó;főnév;tulajdonnév
Ámon;főnév;tulajdonnév
Ányos;főnév;tulajdonnév
Armandó;főnév;tulajdonnév
Atanáz;főnév;tulajdonnév
Absa;főnév;tulajdonnév
Aggeus;főnév;tulajdonnév
Áldor;főnév;tulajdonnév
Ámor;főnév;tulajdonnév
Apollinár;főnév;tulajdonnév
Ármin;főnév;tulajdonnév
Atilla;főnév;tulajdonnév
Absolon;főnév;tulajdonnév
Agmánd;főnév;tulajdonnév
Alek;főnév;tulajdonnév
Ámos;főnév;tulajdonnév
Apolló;főnév;tulajdonnév
Arnó;főnév;tulajdonnév
Atlasz;főnév;tulajdonnév
Acél;főnév;tulajdonnév
Ágost;főnév;tulajdonnév
Alen;főnév;tulajdonnév
Anakin;főnév;tulajdonnév
Apor;főnév;tulajdonnév
Arnold;főnév;tulajdonnév
Aton;főnév;tulajdonnév
Achilles;főnév;tulajdonnév
Ágoston;főnév;tulajdonnév
Alex;főnév;tulajdonnév
Anasztáz;főnév;tulajdonnév
Apostol;főnév;tulajdonnév
Arnót;főnév;tulajdonnév
Atos;főnév;tulajdonnév
Achillesz;főnév;tulajdonnév
Ahillész;főnév;tulajdonnév
Alexander;főnév;tulajdonnév
Anatol;főnév;tulajdonnév
Apród;főnév;tulajdonnév
Áron;főnév;tulajdonnév
Atosz;főnév;tulajdonnév
Acsád;főnév;tulajdonnév
Áhim;főnév;tulajdonnév
Alfonz;főnév;tulajdonnév
Andon;főnév;tulajdonnév
Aracs;főnév;tulajdonnév
Árpád;főnév;tulajdonnév
Attila;főnév;tulajdonnév
Adalbert;főnév;tulajdonnév
Ahmed;főnév;tulajdonnév
Alfréd;főnév;tulajdonnév
Andor;főnév;tulajdonnév
Arad;főnév;tulajdonnév
Arszák;főnév;tulajdonnév
Augusztusz;főnév;tulajdonnév
Ádám;főnév;tulajdonnév
Airton;főnév;tulajdonnév
Algernon;főnév;tulajdonnév
Andorás;főnév;tulajdonnév
Aramisz;főnév;tulajdonnév
Árszen;főnév;tulajdonnév
Aurél;főnév;tulajdonnév
Ádel;főnév;tulajdonnév
Ajád;főnév;tulajdonnév
Ali;főnév;tulajdonnév
Andos;főnév;tulajdonnév
Archibald;főnév;tulajdonnév
Arszlán;főnév;tulajdonnév
Aurélián;főnév;tulajdonnév
Bács;főnév;tulajdonnév
Barakony;főnév;tulajdonnév
Bekes;főnév;tulajdonnév
Bérc;főnév;tulajdonnév
Bodomér;főnév;tulajdonnév
Bors;főnév;tulajdonnév
Bacsó;főnév;tulajdonnév
Barangó;főnév;tulajdonnév
Bekő;főnév;tulajdonnév
Bercel;főnév;tulajdonnév
Bodony;főnév;tulajdonnév
Borsa;főnév;tulajdonnév
Bagamér;főnév;tulajdonnév
Bardó;főnév;tulajdonnév
Béla;főnév;tulajdonnév
Bere;főnév;tulajdonnév
Bodor;főnév;tulajdonnév
Botár;főnév;tulajdonnév
Baján;főnév;tulajdonnév
Barlám;főnév;tulajdonnév
Belián;főnév;tulajdonnév
Berec;főnév;tulajdonnév
Bogát;főnév;tulajdonnév
Botond;főnév;tulajdonnév
Bajnok;főnév;tulajdonnév
Barna;főnév;tulajdonnév
Belizár;főnév;tulajdonnév
Berend;főnév;tulajdonnév
Bogdán;főnév;tulajdonnév
Bottyán;főnév;tulajdonnév
Bakács;főnév;tulajdonnév
Barnabás;főnév;tulajdonnév
Ben;főnév;tulajdonnév
Berengár;főnév;tulajdonnév
Bogumil;főnév;tulajdonnév
Bozsidár;főnév;tulajdonnév
Baksa;főnév;tulajdonnév
Barót;főnév;tulajdonnév
Bence;főnév;tulajdonnév
Berény;főnév;tulajdonnév
Bohumil;főnév;tulajdonnév
Bozsó;főnév;tulajdonnév
Bakta;főnév;tulajdonnév
Bars;főnév;tulajdonnév
Bende;főnév;tulajdonnév
Beriszló;főnév;tulajdonnév
Bohus;főnév;tulajdonnév
Bökény;főnév;tulajdonnév
Balabán;főnév;tulajdonnév
Barsz;főnév;tulajdonnév
Bendegúz;főnév;tulajdonnév
Berke;főnév;tulajdonnév
Boján;főnév;tulajdonnév
Böngér;főnév;tulajdonnév
Baladéva;főnév;tulajdonnév
Barta;főnév;tulajdonnév
Bendit;főnév;tulajdonnév
Bernárd;főnév;tulajdonnév
Bojta;főnév;tulajdonnév
Brájen;főnév;tulajdonnév
Balambér;főnév;tulajdonnév
Bartal;főnév;tulajdonnév
Bene;főnév;tulajdonnév
Bernát;főnév;tulajdonnév
Bojtor;főnév;tulajdonnév
Brendon;főnév;tulajdonnév
Balár;főnév;tulajdonnév
Bartó;főnév;tulajdonnév
Benedek;főnév;tulajdonnév
Bertalan;főnév;tulajdonnév
Bojtorján;főnév;tulajdonnév
Brett;főnév;tulajdonnév
Balassa;főnév;tulajdonnév
Barton;főnév;tulajdonnév
Benedikt;főnév;tulajdonnév
Bertin;főnév;tulajdonnév
Boldizsár;főnév;tulajdonnév
Brúnó;főnév;tulajdonnév
Balázs;főnév;tulajdonnév
Bartos;főnév;tulajdonnév
Benediktusz;főnév;tulajdonnév
Bertold;főnév;tulajdonnév
Boleszláv;főnév;tulajdonnév
Brútusz;főnév;tulajdonnév
Baldó;főnév;tulajdonnév
Bató;főnév;tulajdonnév
Benett;főnév;tulajdonnév
Berton;főnév;tulajdonnév
Bolivár;főnév;tulajdonnév
Buda;főnév;tulajdonnév
Baldvin;főnév;tulajdonnév
Bátony;főnév;tulajdonnév
Béni;főnév;tulajdonnév
Bertram;főnév;tulajdonnév
Bolyk;főnév;tulajdonnév
Bulcsú;főnév;tulajdonnév
Bálint;főnév;tulajdonnév
Bátor;főnév;tulajdonnév
Benignusz;főnév;tulajdonnév
Berzsián;főnév;tulajdonnév
Bonaventúra;főnév;tulajdonnév
Buzád;főnév;tulajdonnév
Balló;főnév;tulajdonnév
Batu;főnév;tulajdonnév
Benitó;főnév;tulajdonnév
Bese;főnév;tulajdonnév
Bonca;főnév;tulajdonnév
Buzát;főnév;tulajdonnév
Balmaz;főnév;tulajdonnév
Batus;főnév;tulajdonnév
Benjamin;főnév;tulajdonnév
Beten;főnév;tulajdonnév
Bongor;főnév;tulajdonnév
Baltazár;főnév;tulajdonnév
Bazil;főnév;tulajdonnév
Benjámin;főnév;tulajdonnév
Betlen;főnév;tulajdonnév
Bonifác;főnév;tulajdonnév
Bán;főnév;tulajdonnév
Bazsó;főnév;tulajdonnév
Benke;főnév;tulajdonnév
Bihar;főnév;tulajdonnév
Bónis;főnév;tulajdonnév
Bandó;főnév;tulajdonnév
Becse;főnév;tulajdonnév
Benkő;főnév;tulajdonnév
Boáz;főnév;tulajdonnév
Borbás;főnév;tulajdonnév
Bánk;főnév;tulajdonnév
Bedecs;főnév;tulajdonnév
Bennó;főnév;tulajdonnév
Bocsárd;főnév;tulajdonnév
Borisz;főnév;tulajdonnév
Bános;főnév;tulajdonnév
Bedő;főnév;tulajdonnév
Benő;főnév;tulajdonnév
Bod;főnév;tulajdonnév
Borocs;főnév;tulajdonnév
Barabás;főnév;tulajdonnév
Beke;főnév;tulajdonnév
Benvenútó;főnév;tulajdonnév
Bodó;főnév;tulajdonnév
Boromir;főnév;tulajdonnév
Baracs;főnév;tulajdonnév
Bekény;főnév;tulajdonnév
Berárd;főnév;tulajdonnév
Bódog;főnév;tulajdonnév
Boroszló;főnév;tulajdonnév
Cecilián;főnév;tulajdonnév
Csaba;főnév;tulajdonnév
Csejte;főnév;tulajdonnév
Csikó;főnév;tulajdonnév
Csombor;főnév;tulajdonnév
Celesztin;főnév;tulajdonnév
Csák;főnév;tulajdonnév
Cseke;főnév;tulajdonnév
Csingiz;főnév;tulajdonnév
Csomor;főnév;tulajdonnév
Cézár;főnév;tulajdonnév
Csanád;főnév;tulajdonnév
Csekő;főnév;tulajdonnév
Csobád;főnév;tulajdonnév
Csongor;főnév;tulajdonnév
Ciceró;főnév;tulajdonnév
Csát;főnév;tulajdonnév
Csenger;főnév;tulajdonnév
Csobajd;főnév;tulajdonnév
Csörsz;főnév;tulajdonnév
Ciprián;főnév;tulajdonnév
Csatád;főnév;tulajdonnév
Csépán;főnév;tulajdonnév
Csobán;főnév;tulajdonnév
Cirill;főnév;tulajdonnév
Csatár;főnév;tulajdonnév
Csepel;főnév;tulajdonnév
Csolt;főnév;tulajdonnév
Cirják;főnév;tulajdonnév
Csató;főnév;tulajdonnév
Cserjén;főnév;tulajdonnév
Csoma;főnév;tulajdonnév
Cirjék;főnév;tulajdonnév
Csege;főnév;tulajdonnév
Csete;főnév;tulajdonnév
Círus;főnév;tulajdonnév
Csegő;főnév;tulajdonnév
Csetény;főnév;tulajdonnév
Dagobert;főnév;tulajdonnév
Deme;főnév;tulajdonnév
Dioméd;főnév;tulajdonnév
Drasek;főnév;tulajdonnév
Dzsamal;főnév;tulajdonnév
Dagomér;főnév;tulajdonnév
Demény;főnév;tulajdonnév
Ditmár;főnév;tulajdonnév
Dukász;főnév;tulajdonnév
Dzsasztin;főnév;tulajdonnév
Dakó;főnév;tulajdonnév
Demeter;főnév;tulajdonnév
Doboka;főnév;tulajdonnév
Dusán;főnév;tulajdonnév
Dzsingiz;főnév;tulajdonnév
Dalia;főnév;tulajdonnév
Demjén;főnév;tulajdonnév
Dókus;főnév;tulajdonnév
Dzsínó;főnév;tulajdonnév
Dalibor;főnév;tulajdonnév
Dénes;főnév;tulajdonnév
Doma;főnév;tulajdonnév
Dzsúlió;főnév;tulajdonnév
Dalton;főnév;tulajdonnév
Dengezik;főnév;tulajdonnév
Domán;főnév;tulajdonnév
Damáz;főnév;tulajdonnév
Denisz;főnév;tulajdonnév
Dománd;főnév;tulajdonnév
Damír;főnév;tulajdonnév
Denton;főnév;tulajdonnév
Domicián;főnév;tulajdonnév
Damján;főnév;tulajdonnév
Deodát;főnév;tulajdonnév
Dominik;főnév;tulajdonnév
Damos;főnév;tulajdonnév
Derel;főnév;tulajdonnév
Domokos;főnév;tulajdonnév
Dániel;főnév;tulajdonnév
Ders;főnév;tulajdonnév
Domonkos;főnév;tulajdonnév
Daniló;főnév;tulajdonnév
Derzs;főnév;tulajdonnév
Domos;főnév;tulajdonnév
Dános;főnév;tulajdonnév
Dés;főnév;tulajdonnév
Donald;főnév;tulajdonnév
Dante;főnév;tulajdonnév
Detre;főnév;tulajdonnév
Donát;főnév;tulajdonnév
Darel;főnév;tulajdonnév
Dévald;főnév;tulajdonnév
Donátó;főnév;tulajdonnév
Dárió;főnév;tulajdonnév
Devecser;főnév;tulajdonnév
Dorián;főnév;tulajdonnév
Dárius;főnév;tulajdonnév
Dezsér;főnév;tulajdonnév
Dorion;főnév;tulajdonnév
Dáriusz;főnév;tulajdonnév
Dezsider;főnév;tulajdonnév
Dormán;főnév;tulajdonnév
Darnel;főnév;tulajdonnév
Dezső;főnév;tulajdonnév
Dormánd;főnév;tulajdonnév
Dasztin;főnév;tulajdonnév
Diegó;főnév;tulajdonnév
Dov;főnév;tulajdonnév
Dávid;főnév;tulajdonnév
Dienes;főnév;tulajdonnév
Dózsa;főnév;tulajdonnév
Décse;főnév;tulajdonnév
Dilen;főnév;tulajdonnév
Döme;főnév;tulajdonnév
Deján;főnév;tulajdonnév
Dilon;főnév;tulajdonnév
Dömjén;főnév;tulajdonnév
Dejte;főnév;tulajdonnév
Dimitri;főnév;tulajdonnév
Dömös;főnév;tulajdonnév
Deli;főnév;tulajdonnév
Dimitrij;főnév;tulajdonnév
Dömötör;főnév;tulajdonnév
Ében;főnév;tulajdonnév
Eliot;főnév;tulajdonnév
Ernák;főnév;tulajdonnév
Ede;főnév;tulajdonnév
Elizeus;főnév;tulajdonnév
Erneszt;főnév;tulajdonnév
Edekon;főnév;tulajdonnév
Ellák;főnév;tulajdonnév
Ernesztó;főnév;tulajdonnév
Edgár;főnév;tulajdonnév
Elmár;főnév;tulajdonnév
Ernik;főnév;tulajdonnév
Edmond;főnév;tulajdonnév
Elmó;főnév;tulajdonnév
Ernő;főnév;tulajdonnév
Edmund;főnév;tulajdonnév
Élon;főnév;tulajdonnév
Ernye;főnév;tulajdonnév
Edömér;főnév;tulajdonnév
Előd;főnév;tulajdonnév
Erős;főnév;tulajdonnév
Edrik;főnév;tulajdonnév
Elton;főnév;tulajdonnév
Ervin;főnév;tulajdonnév
Eduárd;főnév;tulajdonnév
Emánuel;főnév;tulajdonnév
Étán;főnév;tulajdonnév
Eduárdó;főnév;tulajdonnév
Emil;főnév;tulajdonnév
Ete;főnév;tulajdonnév
Edvárd;főnév;tulajdonnév
Emilián;főnév;tulajdonnév
Etele;főnév;tulajdonnév
Edvin;főnév;tulajdonnév
Emmett;főnév;tulajdonnév
Etre;főnév;tulajdonnév
Efraim;főnév;tulajdonnév
Emőd;főnév;tulajdonnév
Eugén;főnév;tulajdonnév
Egbert;főnév;tulajdonnév
Endre;főnév;tulajdonnév
Euszták;főnév;tulajdonnév
Egmont;főnév;tulajdonnév
Éneás;főnév;tulajdonnév
Eutim;főnév;tulajdonnév
Egon;főnév;tulajdonnév
Engelbert;főnév;tulajdonnév
Évald;főnév;tulajdonnév
Egyed;főnév;tulajdonnév
Engelhard;főnév;tulajdonnév
Evariszt;főnév;tulajdonnév
Elád;főnév;tulajdonnév
Énok;főnév;tulajdonnév
Everard;főnév;tulajdonnév
Elek;főnév;tulajdonnév
Énók;főnév;tulajdonnév
Ezékiel;főnév;tulajdonnév
Elemér;főnév;tulajdonnév
Enrikó;főnév;tulajdonnév
Ezel;főnév;tulajdonnév
Elián;főnév;tulajdonnév
Enzó;főnév;tulajdonnév
Ezra;főnév;tulajdonnév
Éliás;főnév;tulajdonnév
Erazmus;főnév;tulajdonnév
Ézsaiás;főnév;tulajdonnév
Eliél;főnév;tulajdonnév
Erhard;főnév;tulajdonnév
Eliézer;főnév;tulajdonnév
Erik;főnév;tulajdonnév
Elígiusz;főnév;tulajdonnév
Erk;főnév;tulajdonnév
Fábián;főnév;tulajdonnév
Fausztusz;főnév;tulajdonnév
Filep;főnév;tulajdonnév
Flórián;főnév;tulajdonnév
Frederik;főnév;tulajdonnév
Fábió;főnév;tulajdonnév
Fedor;főnév;tulajdonnév
Filibert;főnév;tulajdonnév
Flóris;főnév;tulajdonnév
Frederíkó;főnév;tulajdonnév
Fábiusz;főnév;tulajdonnév
Felicián;főnév;tulajdonnév
Filip;főnév;tulajdonnév
Fodor;főnév;tulajdonnév
Fremont;főnév;tulajdonnév
Fabó;főnév;tulajdonnév
Félix;főnév;tulajdonnév
Filippó;főnév;tulajdonnév
Folkus;főnév;tulajdonnév
Fridolin;főnév;tulajdonnév
Fabríció;főnév;tulajdonnév
Ferdinánd;főnév;tulajdonnév
Filomén;főnév;tulajdonnév
Fóris;főnév;tulajdonnév
Frigyes;főnév;tulajdonnév
Fabrícius;főnév;tulajdonnév
Ferenc;főnév;tulajdonnév
Flavián;főnév;tulajdonnév
Fortunát;főnév;tulajdonnév
Frodó;főnév;tulajdonnév
Fabríciusz;főnév;tulajdonnév
Fernandó;főnév;tulajdonnév
Flávió;főnév;tulajdonnév
Fortunátó;főnév;tulajdonnév
Fülöp;főnév;tulajdonnév
Fajsz;főnév;tulajdonnév
Fidél;főnév;tulajdonnév
Fláviusz;főnév;tulajdonnév
Frank;főnév;tulajdonnév
Farkas;főnév;tulajdonnév
Filemon;főnév;tulajdonnév
Florentin;főnév;tulajdonnév
Franklin;főnév;tulajdonnév
Gábor;főnév;tulajdonnév
Gedeon;főnév;tulajdonnév
Gerjén;főnév;tulajdonnév
Godó;főnév;tulajdonnév
Gregor;főnév;tulajdonnév
Gyárfás;főnév;tulajdonnév
Gabos;főnév;tulajdonnév
Gedő;főnév;tulajdonnév
Germán;főnév;tulajdonnév
Godvin;főnév;tulajdonnév
Guidó;főnév;tulajdonnév
Gyécsa;főnév;tulajdonnév
Gábriel;főnév;tulajdonnév
Gejza;főnév;tulajdonnév
Gerold;főnév;tulajdonnév
Gópál;főnév;tulajdonnév
Gujdó;főnév;tulajdonnév
Gyeke;főnév;tulajdonnév
Gál;főnév;tulajdonnév
Gellén;főnév;tulajdonnév
Gerő;főnév;tulajdonnév
Gorán;főnév;tulajdonnév
Gusztáv;főnév;tulajdonnév
Gyenes;főnév;tulajdonnév
Gallusz;főnév;tulajdonnév
Gellért;főnév;tulajdonnév
Gerváz;főnév;tulajdonnév
Gordon;főnév;tulajdonnév
Günter;főnév;tulajdonnév
Gyoma;főnév;tulajdonnév
Gálos;főnév;tulajdonnév
Geminián;főnév;tulajdonnév
Gerzson;főnév;tulajdonnév
Gorgiás;főnév;tulajdonnév
Györe;főnév;tulajdonnév
Gandalf;főnév;tulajdonnév
Geraszim;főnév;tulajdonnév
Géza;főnév;tulajdonnév
Gotárd;főnév;tulajdonnév
György;főnév;tulajdonnév
Gara;főnév;tulajdonnév
Geréb;főnév;tulajdonnév
Gibárt;főnév;tulajdonnév
Gotfrid;főnév;tulajdonnév
Györk;főnév;tulajdonnév
Gáspár;főnév;tulajdonnév
Gereben;főnév;tulajdonnév
Gida;főnév;tulajdonnév
Gothárd;főnév;tulajdonnév
Györke;főnév;tulajdonnév
Gaszton;főnév;tulajdonnév
Gergely;főnév;tulajdonnév
Gilbert;főnév;tulajdonnév
Gotlíb;főnév;tulajdonnév
Győző;főnév;tulajdonnév
Gazsó;főnév;tulajdonnév
Gergő;főnév;tulajdonnév
Gilgames;főnév;tulajdonnév
Göncöl;főnév;tulajdonnév
Gyula;főnév;tulajdonnév
Gécsa;főnév;tulajdonnév
Gerhárd;főnév;tulajdonnév
Girót;főnév;tulajdonnév
Gracián;főnév;tulajdonnév
Gede;főnév;tulajdonnév
Gobert;főnév;tulajdonnév
Hadúr;főnév;tulajdonnév
Harri;főnév;tulajdonnév
Hermész;főnév;tulajdonnév
Honorát;főnév;tulajdonnév
Hugó;főnév;tulajdonnév
Háfiz;főnév;tulajdonnév
Hárs;főnév;tulajdonnév
Hermiás;főnév;tulajdonnév
Honorátusz;főnév;tulajdonnév
Humbert;főnév;tulajdonnév
Hájim;főnév;tulajdonnév
Harsány;főnév;tulajdonnév
Hermiusz;főnév;tulajdonnév
Honóriusz;főnév;tulajdonnév
Hunor;főnév;tulajdonnév
Hamilkár;főnév;tulajdonnév
Hartvig;főnév;tulajdonnév
Herold;főnév;tulajdonnév
Hont;főnév;tulajdonnév
Hunyad;főnév;tulajdonnév
Hamza;főnév;tulajdonnév
Hasszán;főnév;tulajdonnév
Hetény;főnév;tulajdonnév
Horác;főnév;tulajdonnév
Hümér;főnév;tulajdonnév
Hannibál;főnév;tulajdonnév
Hektor;főnév;tulajdonnév
Hiador;főnév;tulajdonnév
Horáció;főnév;tulajdonnév
Hannó;főnév;tulajdonnév
Heliodor;főnév;tulajdonnév
Hilár;főnév;tulajdonnév
Horáciusz;főnév;tulajdonnév
Harald;főnév;tulajdonnév
Héliosz;főnév;tulajdonnév
Hiláriusz;főnév;tulajdonnév
Horka;főnév;tulajdonnév
Hari;főnév;tulajdonnév
Helmut;főnév;tulajdonnév
Hilmár;főnév;tulajdonnév
Hős;főnév;tulajdonnév
Harka;főnév;tulajdonnév
Henrik;főnév;tulajdonnév
Hippolit;főnév;tulajdonnév
Huba;főnév;tulajdonnév
Harkány;főnév;tulajdonnév
Herbert;főnév;tulajdonnév
Hódos;főnév;tulajdonnév
Hubert;főnév;tulajdonnév
Harlám;főnév;tulajdonnév
Herkules;főnév;tulajdonnév
Holló;főnév;tulajdonnév
Hubertusz;főnév;tulajdonnév
Herman;főnév;tulajdonnév
Honor;főnév;tulajdonnév
Ibrahim;főnév;tulajdonnév
Iliász;főnév;tulajdonnév
Ipoly;főnév;tulajdonnév
Ixion;főnév;tulajdonnév
Ibrány;főnév;tulajdonnév
Illés;főnév;tulajdonnév
Iréneusz;főnév;tulajdonnév
Izaiás;főnév;tulajdonnév
Ignác;főnév;tulajdonnév
Ilmár;főnév;tulajdonnév
Irnik;főnév;tulajdonnév
Izidor;főnév;tulajdonnév
Igor;főnév;tulajdonnév
Imbert;főnév;tulajdonnév
István;főnév;tulajdonnév
Izmael;főnév;tulajdonnév
Ilán;főnév;tulajdonnév
Immánuel;főnév;tulajdonnév
Isua;főnév;tulajdonnév
Izor;főnév;tulajdonnév
Ilárion;főnév;tulajdonnév
Imre;főnév;tulajdonnév
Itiel;főnév;tulajdonnév
Izrael;főnév;tulajdonnév
Ildefonz;főnév;tulajdonnév
Ince;főnév;tulajdonnév
Iván;főnév;tulajdonnév
Izsák;főnév;tulajdonnév
Ilián;főnév;tulajdonnév
Indár;főnév;tulajdonnév
Ivó;főnév;tulajdonnév
Izsó;főnév;tulajdonnév
Ivor;főnév;tulajdonnév
Jábin;főnév;tulajdonnév
Járfás;főnév;tulajdonnév
Jetró;főnév;tulajdonnév
Józsiás;főnév;tulajdonnév
Jutas;főnév;tulajdonnév
Jácint;főnév;tulajdonnév
Jászon;főnév;tulajdonnév
Joachim;főnév;tulajdonnév
Józsua;főnév;tulajdonnév
Jutocsa;főnév;tulajdonnév
Jáfet;főnév;tulajdonnév
Jávor;főnév;tulajdonnév
Joáhim;főnév;tulajdonnév
Józsué;főnév;tulajdonnév
Juvenál;főnév;tulajdonnév
Jagelló;főnév;tulajdonnév
Jázon;főnév;tulajdonnév
Joakim;főnév;tulajdonnév
Júda;főnév;tulajdonnév
Jáir;főnév;tulajdonnév
Jefte;főnév;tulajdonnév
Joákim;főnév;tulajdonnév
Jukundusz;főnév;tulajdonnév
Jakab;főnév;tulajdonnév
Jelek;főnév;tulajdonnév
Jób;főnév;tulajdonnév
Julián;főnév;tulajdonnév
Jákim;főnév;tulajdonnév
Jenő;főnév;tulajdonnév
Joel;főnév;tulajdonnév
Juliánusz;főnév;tulajdonnév
Jákó;főnév;tulajdonnév
Jeremi;főnév;tulajdonnév
Johanán;főnév;tulajdonnév
Júliusz;főnév;tulajdonnév
Jákob;főnév;tulajdonnév
Jeremiás;főnév;tulajdonnév
Jónás;főnév;tulajdonnév
Junior;főnév;tulajdonnév
Jakus;főnév;tulajdonnév
Jermák;főnév;tulajdonnév
Jonatán;főnév;tulajdonnév
Jusztin;főnév;tulajdonnév
János;főnév;tulajdonnév
Jernő;főnév;tulajdonnév
Jordán;főnév;tulajdonnév
Jusztusz;főnév;tulajdonnév
Január;főnév;tulajdonnév
Jeromos;főnév;tulajdonnév
Jozafát;főnév;tulajdonnév
Juszuf;főnév;tulajdonnév
Járed;főnév;tulajdonnév
József;főnév;tulajdonnév
Kaba;főnév;tulajdonnév
Karcsa;főnév;tulajdonnév
Kerény;főnév;tulajdonnév
Kocsárd;főnév;tulajdonnév
Kristóf;főnév;tulajdonnév
Kabos;főnév;tulajdonnév
Kardos;főnév;tulajdonnév
Keresztély;főnév;tulajdonnév
Kolen;főnév;tulajdonnév
Krisztián;főnév;tulajdonnév
Kada;főnév;tulajdonnév
Karim;főnév;tulajdonnév
Keresztes;főnév;tulajdonnév
Kolin;főnév;tulajdonnév
Krisztofer;főnév;tulajdonnév
Kadicsa;főnév;tulajdonnév
Karion;főnév;tulajdonnév
Kerim;főnév;tulajdonnév
Kolos;főnév;tulajdonnév
Krizosztom;főnév;tulajdonnév
Kadisa;főnév;tulajdonnév
Kármán;főnév;tulajdonnév
Kerubin;főnév;tulajdonnév
Kolozs;főnév;tulajdonnév
Krizsán;főnév;tulajdonnév
Kadocsa;főnév;tulajdonnév
Károly;főnév;tulajdonnév
Késav;főnév;tulajdonnév
Kolta;főnév;tulajdonnév
Kund;főnév;tulajdonnév
Kadosa;főnév;tulajdonnév
Karsa;főnév;tulajdonnév
Keszi;főnév;tulajdonnév
Kolumbán;főnév;tulajdonnév
Kunó;főnév;tulajdonnév
Kajetán;főnév;tulajdonnév
Kartal;főnév;tulajdonnév
Kesző;főnév;tulajdonnév
Kolumbusz;főnév;tulajdonnév
Kurd;főnév;tulajdonnév
Kájusz;főnév;tulajdonnév
Kászon;főnév;tulajdonnév
Ketel;főnév;tulajdonnév
Kond;főnév;tulajdonnév
Kurszán;főnév;tulajdonnév
Kál;főnév;tulajdonnév
Kasszián;főnév;tulajdonnév
Keve;főnév;tulajdonnév
Konor;főnév;tulajdonnév
Kurt;főnév;tulajdonnév
Káldor;főnév;tulajdonnév
Kasztor;főnév;tulajdonnév
Kevend;főnév;tulajdonnév
Konrád;főnév;tulajdonnév
Kusán;főnév;tulajdonnév
Káleb;főnév;tulajdonnév
Katapán;főnév;tulajdonnév
Kevin;főnév;tulajdonnév
Konstantin;főnév;tulajdonnév
Kustyán;főnév;tulajdonnév
Kálmán;főnév;tulajdonnév
Kazimír;főnév;tulajdonnév
Kilán;főnév;tulajdonnév
Kont;főnév;tulajdonnév
Kürt;főnév;tulajdonnév
Kamill;főnév;tulajdonnév
Kázmér;főnév;tulajdonnév
Kilény;főnév;tulajdonnév
Koppány;főnév;tulajdonnév
Kventin;főnév;tulajdonnév
Kamilló;főnév;tulajdonnév
Keán;főnév;tulajdonnév
Kilián;főnév;tulajdonnév
Koridon;főnév;tulajdonnév
Kán;főnév;tulajdonnév
Keled;főnév;tulajdonnév
Kilit;főnév;tulajdonnév
Koriolán;főnév;tulajdonnév
Kandid;főnév;tulajdonnév
Kelemen;főnév;tulajdonnév
Kirill;főnév;tulajdonnév
Kornél;főnév;tulajdonnév
Kanut;főnév;tulajdonnév
Kelemér;főnév;tulajdonnév
Kiron;főnév;tulajdonnév
Korvin;főnév;tulajdonnév
Kapisztrán;főnév;tulajdonnév
Kelen;főnév;tulajdonnév
Kitán;főnév;tulajdonnév
Kos;főnév;tulajdonnév
Kaplon;főnév;tulajdonnév
Kelvin;főnév;tulajdonnév
Klaudió;főnév;tulajdonnév
Kósa;főnév;tulajdonnév
Kaplony;főnév;tulajdonnév
Kemenes;főnév;tulajdonnév
Klaudiusz;főnév;tulajdonnév
Kovrat;főnév;tulajdonnév
Kapolcs;főnév;tulajdonnév
Kende;főnév;tulajdonnév
Klausz;főnév;tulajdonnév
Kozma;főnév;tulajdonnév
Kara;főnév;tulajdonnév
Kenese;főnév;tulajdonnév
Kleofás;főnév;tulajdonnév
Kötöny;főnév;tulajdonnév
Karácson;főnév;tulajdonnév
Kenéz;főnév;tulajdonnév
Kleon;főnév;tulajdonnév
Kövecs;főnév;tulajdonnév
Karád;főnév;tulajdonnév
Kerecsen;főnév;tulajdonnév
Klétus;főnév;tulajdonnév
Krisna;főnév;tulajdonnév
Laborc;főnév;tulajdonnév
Lázó;főnév;tulajdonnév
Leontin;főnév;tulajdonnév
Lipót;főnév;tulajdonnév
Lúciusz;főnév;tulajdonnév
Ladomér;főnév;tulajdonnév
Leander;főnév;tulajdonnév
Leopold;főnév;tulajdonnév
Lívió;főnév;tulajdonnév
Ludvig;főnév;tulajdonnév
Lajos;főnév;tulajdonnév
Leandró;főnév;tulajdonnév
Lestár;főnév;tulajdonnév
Liviusz;főnév;tulajdonnév
Lukács;főnév;tulajdonnév
Lamar;főnév;tulajdonnév
Leándrosz;főnév;tulajdonnév
Levéd;főnév;tulajdonnév
Líviusz;főnév;tulajdonnév
Lüszien;főnév;tulajdonnév
Lambert;főnév;tulajdonnév
Lehel;főnév;tulajdonnév
Levedi;főnév;tulajdonnév
Lizander;főnév;tulajdonnév
Lándor;főnév;tulajdonnév
Lél;főnév;tulajdonnév
Levente;főnév;tulajdonnév
Loránd;főnév;tulajdonnév
Lantos;főnév;tulajdonnév
Lénárd;főnév;tulajdonnév
Lévi;főnév;tulajdonnév
Lóránd;főnév;tulajdonnév
Largó;főnév;tulajdonnév
Lénárt;főnév;tulajdonnév
Liberátusz;főnév;tulajdonnév
Lóránt;főnév;tulajdonnév
Larion;főnév;tulajdonnév
Leó;főnév;tulajdonnév
Libériusz;főnév;tulajdonnév
Lorenzó;főnév;tulajdonnév
László;főnév;tulajdonnév
Leon;főnév;tulajdonnév
Libor;főnév;tulajdonnév
Lotár;főnév;tulajdonnév
Laurent;főnév;tulajdonnév
Leonárd;főnév;tulajdonnév
Libóriusz;főnév;tulajdonnév
Lőrinc;főnév;tulajdonnév
Lázár;főnév;tulajdonnév
Leonárdó;főnév;tulajdonnév
Linasz;főnév;tulajdonnév
Lucián;főnév;tulajdonnév
Leonidász;főnév;tulajdonnév
Lionel;főnév;tulajdonnév
Madocsa;főnév;tulajdonnév
Markó;főnév;tulajdonnév
Melhior;főnév;tulajdonnév
Misa;főnév;tulajdonnév
Magnusz;főnév;tulajdonnév
Márkó;főnév;tulajdonnév
Meliton;főnév;tulajdonnév
Misel;főnév;tulajdonnév
Magor;főnév;tulajdonnév
Márkus;főnév;tulajdonnév
Melkisédek;főnév;tulajdonnév
Miske;főnév;tulajdonnév
Majlát;főnév;tulajdonnév
Márkusz;főnév;tulajdonnév
Memno;főnév;tulajdonnév
Modesztusz;főnév;tulajdonnév
Majs;főnév;tulajdonnév
Marót;főnév;tulajdonnév
Ménás;főnév;tulajdonnév
Mohamed;főnév;tulajdonnév
Makabeus;főnév;tulajdonnév
Marsal;főnév;tulajdonnév
Mendel;főnév;tulajdonnév
Móka;főnév;tulajdonnév
Makár;főnév;tulajdonnév
Martin;főnév;tulajdonnév
Ménrót;főnév;tulajdonnév
Mór;főnév;tulajdonnév
Malakiás;főnév;tulajdonnév
Marton;főnév;tulajdonnév
Menyhért;főnév;tulajdonnév
Morgan;főnév;tulajdonnév
Malik;főnév;tulajdonnév
Márton;főnév;tulajdonnév
Merlin;főnév;tulajdonnév
Móric;főnév;tulajdonnév
Manassé;főnév;tulajdonnév
Martos;főnév;tulajdonnév
Merse;főnév;tulajdonnév
Mózes;főnév;tulajdonnév
Manfréd;főnév;tulajdonnév
Marvin;főnév;tulajdonnév
Metód;főnév;tulajdonnév
Manó;főnév;tulajdonnév
Máté;főnév;tulajdonnév
Mihály;főnév;tulajdonnév
Manszvét;főnév;tulajdonnév
Mateusz;főnév;tulajdonnév
Mika;főnév;tulajdonnév
Manuel;főnév;tulajdonnév
Mátyás;főnév;tulajdonnév
Mikán;főnév;tulajdonnév
Mánuel;főnév;tulajdonnév
Mauríció;főnév;tulajdonnév
Mike;főnév;tulajdonnév
Marcel;főnév;tulajdonnév
Mauró;főnév;tulajdonnév
Mikeás;főnév;tulajdonnév
Marcell;főnév;tulajdonnév
Max;főnév;tulajdonnév
Mikes;főnév;tulajdonnév
Marcián;főnév;tulajdonnév
Maxim;főnév;tulajdonnév
Miklós;főnév;tulajdonnév
Március;főnév;tulajdonnév
Maximilián;főnév;tulajdonnév
Mikó;főnév;tulajdonnév
Marcselló;főnév;tulajdonnév
Maximusz;főnév;tulajdonnév
Miksa;főnév;tulajdonnév
Marián;főnév;tulajdonnév
Mazen;főnév;tulajdonnév
Milán;főnév;tulajdonnév
Marinusz;főnév;tulajdonnév
Medárd;főnév;tulajdonnév
Miló;főnév;tulajdonnév
Márió;főnév;tulajdonnév
Medox;főnév;tulajdonnév
Milos;főnév;tulajdonnév
Máriusz;főnév;tulajdonnév
Megyer;főnév;tulajdonnév
Mirkó;főnév;tulajdonnév
Márk;főnév;tulajdonnév
Melchior;főnév;tulajdonnév
Miron;főnév;tulajdonnév
Nándor;főnév;tulajdonnév
Nelzon;főnév;tulajdonnév
Nikétás;főnév;tulajdonnév
Noel;főnév;tulajdonnév
Nyék;főnév;tulajdonnév
Napóleon;főnév;tulajdonnév
Nemere;főnév;tulajdonnév
Nikodémus;főnév;tulajdonnév
Nónusz;főnév;tulajdonnév
Nyikoláj;főnév;tulajdonnév
Narcisszusz;főnév;tulajdonnév
Némó;főnév;tulajdonnév
Nikodémusz;főnév;tulajdonnév
Norbert;főnév;tulajdonnév
Náron;főnév;tulajdonnév
Nepomuk;főnév;tulajdonnév
Nikolasz;főnév;tulajdonnév
Norisz;főnév;tulajdonnév
Nasszer;főnév;tulajdonnév
Nesztor;főnév;tulajdonnév
Nimái;főnév;tulajdonnév
Norman;főnév;tulajdonnév
Nátán;főnév;tulajdonnév
Nétus;főnév;tulajdonnév
Nimród;főnév;tulajdonnév
Norton;főnév;tulajdonnév
Nátánael;főnév;tulajdonnév
Nétusz;főnév;tulajdonnév
Nitái;főnév;tulajdonnév
Nataniel;főnév;tulajdonnév
Nikander;főnév;tulajdonnév
Noé;főnév;tulajdonnév
Oberon;főnév;tulajdonnév
Oleg;főnév;tulajdonnév
Ormos;főnév;tulajdonnév
Ozirisz;főnév;tulajdonnév
Odiló;főnév;tulajdonnév
Olivér;főnév;tulajdonnév
Oros;főnév;tulajdonnév
Ozmin;főnév;tulajdonnév
Odin;főnév;tulajdonnév
Omár;főnév;tulajdonnév
Oszkár;főnév;tulajdonnév
Ozor;főnév;tulajdonnév
Odisszeusz;főnév;tulajdonnév
Ompoly;főnév;tulajdonnév
Oszlár;főnév;tulajdonnév
Ozul;főnév;tulajdonnév
Odó;főnév;tulajdonnév
Omri;főnév;tulajdonnév
Osszián;főnév;tulajdonnév
Ozsvát;főnév;tulajdonnév
Ódor;főnév;tulajdonnév
Ond;főnév;tulajdonnév
Oszvald;főnév;tulajdonnév
Oguz;főnév;tulajdonnév
Orbán;főnév;tulajdonnév
Otelló;főnév;tulajdonnév
Oktáv;főnév;tulajdonnév
Orbó;főnév;tulajdonnév
Otmár;főnév;tulajdonnév
Oktávián;főnév;tulajdonnév
Orda;főnév;tulajdonnév
Otniel;főnév;tulajdonnév
Olaf;főnév;tulajdonnév
Oresztész;főnév;tulajdonnév
Ottó;főnév;tulajdonnév
Olavi;főnév;tulajdonnév
Orfeusz;főnév;tulajdonnév
Ottokár;főnév;tulajdonnév
Oldamur;főnév;tulajdonnév
Orion;főnév;tulajdonnév
Oven;főnév;tulajdonnév
Orlandó;főnév;tulajdonnév
Ovídiusz;főnév;tulajdonnév
Ödön;főnév;tulajdonnév
Örkény;főnév;tulajdonnév
Örkönd;főnév;tulajdonnév
Örs;főnév;tulajdonnév
Özséb;főnév;tulajdonnév
Pál;főnév;tulajdonnév
Pelbárt;főnév;tulajdonnév
Petúr;főnév;tulajdonnév
Piramusz;főnév;tulajdonnév
Pálos;főnév;tulajdonnév
Pellegrin;főnév;tulajdonnév
Piládész;főnév;tulajdonnév
Piusz;főnév;tulajdonnév
Pamfil;főnév;tulajdonnév
Pentele;főnév;tulajdonnév
Pió;főnév;tulajdonnév
Placid;főnév;tulajdonnév
Pantaleon;főnév;tulajdonnév
Periklész;főnév;tulajdonnév
Platón;főnév;tulajdonnév
Páris;főnév;tulajdonnév
Perjámos;főnév;tulajdonnév
Polidor;főnév;tulajdonnév
Paszkál;főnév;tulajdonnév
Péter;főnév;tulajdonnév
Polikárp;főnév;tulajdonnév
Patony;főnév;tulajdonnév
Pető;főnév;tulajdonnév
Pongor;főnév;tulajdonnév
Patrícius;főnév;tulajdonnév
Petres;főnév;tulajdonnév
Pongrác;főnév;tulajdonnév
Patrik;főnév;tulajdonnév
Petrik;főnév;tulajdonnév
Porfir;főnév;tulajdonnév
Pázmán;főnév;tulajdonnév
Petróniusz;főnév;tulajdonnév
Pósa;főnév;tulajdonnév
Pelágiusz;főnév;tulajdonnév
Petur;főnév;tulajdonnév
Prímusz;főnév;tulajdonnév
Rabán;főnév;tulajdonnév
Reginald;főnév;tulajdonnév
Rókus;főnév;tulajdonnév
Radamesz;főnév;tulajdonnév
Regő;főnév;tulajdonnév
Roland;főnév;tulajdonnév
Radiszló;főnév;tulajdonnév
Regös;főnév;tulajdonnév
Rolf;főnév;tulajdonnév
Radó;főnév;tulajdonnév
Regős;főnév;tulajdonnév
Román;főnév;tulajdonnév
Radomér;főnév;tulajdonnév
Remig;főnév;tulajdonnév
Románó;főnév;tulajdonnév
Rados;főnév;tulajdonnév
Rémusz;főnév;tulajdonnév
Romárió;főnév;tulajdonnév
Radován;főnév;tulajdonnév
Renátó;főnév;tulajdonnév
Rómeó;főnév;tulajdonnév
Radvány;főnév;tulajdonnév
Renátusz;főnév;tulajdonnév
Romuald;főnév;tulajdonnév
Rafael;főnév;tulajdonnév
René;főnév;tulajdonnév
Romulusz;főnév;tulajdonnév
Ráfis;főnév;tulajdonnév
Réva;főnév;tulajdonnév
Romvald;főnév;tulajdonnév
Ragnar;főnév;tulajdonnév
Rézmán;főnév;tulajdonnév
Ron;főnév;tulajdonnév
Rajmond;főnév;tulajdonnév
Rezső;főnév;tulajdonnév
Ronald;főnév;tulajdonnév
Rajmund;főnév;tulajdonnév
Richárd;főnév;tulajdonnév
Ronaldó;főnév;tulajdonnév
Rajnald;főnév;tulajdonnév
Rihárd;főnév;tulajdonnév
Ronel;főnév;tulajdonnév
Ralf;főnév;tulajdonnév
Rikárdó;főnév;tulajdonnév
Ronen;főnév;tulajdonnév
Ramirez;főnév;tulajdonnév
Rinaldó;főnév;tulajdonnév
Roni;főnév;tulajdonnév
Ramiró;főnév;tulajdonnév
Róbert;főnév;tulajdonnév
Ruben;főnév;tulajdonnév
Ramiz;főnév;tulajdonnév
Robertó;főnév;tulajdonnév
Rúben;főnév;tulajdonnév
Ramón;főnév;tulajdonnév
Robin;főnév;tulajdonnév
Rudolf;főnév;tulajdonnév
Ramszesz;főnév;tulajdonnév
Robinzon;főnév;tulajdonnév
Rúfusz;főnév;tulajdonnév
Rápolt;főnév;tulajdonnév
Rodel;főnév;tulajdonnév
Rupert;főnév;tulajdonnév
Rátold;főnév;tulajdonnév
Roderik;főnév;tulajdonnév
Ruszlán;főnév;tulajdonnév
Raul;főnév;tulajdonnév
Rodion;főnév;tulajdonnév
Rusztem;főnév;tulajdonnév
Razmus;főnév;tulajdonnév
Rodrigó;főnév;tulajdonnév
Rázsony;főnév;tulajdonnév
Rokkó;főnév;tulajdonnév
Salamon;főnév;tulajdonnév
Sebő;főnév;tulajdonnév
Simon;főnév;tulajdonnév
Surány;főnév;tulajdonnév
Sámson;főnév;tulajdonnév
Sebők;főnév;tulajdonnév
Sion;főnév;tulajdonnév
Surd;főnév;tulajdonnév
Samu;főnév;tulajdonnév
Sejbán;főnév;tulajdonnév
Sjám;főnév;tulajdonnév
Suriel;főnév;tulajdonnév
Sámuel;főnév;tulajdonnév
Sém;főnév;tulajdonnév
Solt;főnév;tulajdonnév
Sükösd;főnév;tulajdonnév
Sándor;főnév;tulajdonnév
Semjén;főnév;tulajdonnév
Solymár;főnév;tulajdonnév
Sarel;főnév;tulajdonnév
Simeon;főnév;tulajdonnév
Sólyom;főnév;tulajdonnév
Saul;főnév;tulajdonnév
Som;főnév;tulajdonnév
Sebes;főnév;tulajdonnév
Soma;főnév;tulajdonnév
Sebestyén;főnév;tulajdonnév
Spartakusz;főnév;tulajdonnév
Stefán;főnév;tulajdonnév
Szabin;főnév;tulajdonnév
Szente;főnév;tulajdonnév
Szókratész;főnév;tulajdonnév
Szabolcs;főnév;tulajdonnév
Szeráf;főnév;tulajdonnév
Szólát;főnév;tulajdonnév
Szaján;főnév;tulajdonnév
Szerénd;főnév;tulajdonnév
Szolón;főnév;tulajdonnév
Szalárd;főnév;tulajdonnév
Szerénusz;főnév;tulajdonnév
Szórád;főnév;tulajdonnév
Szaléz;főnév;tulajdonnév
Szergiusz;főnév;tulajdonnév
Szovárd;főnév;tulajdonnév
Szalók;főnév;tulajdonnév
Szervác;főnév;tulajdonnév
Szovát;főnév;tulajdonnév
Szalvátor;főnév;tulajdonnév
Szevér;főnév;tulajdonnév
Szörénd;főnév;tulajdonnév
Szalviusz;főnév;tulajdonnév
Szeveréd;főnév;tulajdonnév
Szörény;főnév;tulajdonnév
Szamir;főnév;tulajdonnév
Szeverián;főnév;tulajdonnév
Szpartakusz;főnév;tulajdonnév
Szandró;főnév;tulajdonnév
Szeverin;főnév;tulajdonnév
Szaniszló;főnév;tulajdonnév
Szidor;főnév;tulajdonnév
Szantiágó;főnév;tulajdonnév
Szigfrid;főnév;tulajdonnév
Szantínó;főnév;tulajdonnév
Szilamér;főnév;tulajdonnév
Szatmár;főnév;tulajdonnév
Szilárd;főnév;tulajdonnév
Szavér;főnév;tulajdonnév
Szilas;főnév;tulajdonnév
Szebáld;főnév;tulajdonnév
Szilvánusz;főnév;tulajdonnév
Szebasztián;főnév;tulajdonnév
Szilver;főnév;tulajdonnév
Szecső;főnév;tulajdonnév
Szilvér;főnév;tulajdonnév
Szedrik;főnév;tulajdonnév
Szilveszter;főnév;tulajdonnév
Szelemér;főnév;tulajdonnév
Szilvió;főnév;tulajdonnév
Szelestény;főnév;tulajdonnév
Szilviusz;főnév;tulajdonnév
Szelim;főnév;tulajdonnév
Szindbád;főnév;tulajdonnév
Szemere;főnév;tulajdonnév
Szíriusz;főnév;tulajdonnév
Szemír;főnév;tulajdonnév
Szixtusz;főnév;tulajdonnév
Szendrő;főnév;tulajdonnév
Szofron;főnév;tulajdonnév
Tacitusz;főnév;tulajdonnév
Temes;főnév;tulajdonnév
Tobán;főnév;tulajdonnév
Taddeus;főnév;tulajdonnév
Teó;főnév;tulajdonnév
Tóbiás;főnév;tulajdonnév
Tádé;főnév;tulajdonnév
Teobald;főnév;tulajdonnév
Tódor;főnév;tulajdonnév
Tadeusz;főnév;tulajdonnév
Teodor;főnév;tulajdonnév
Toma;főnév;tulajdonnév
Taksony;főnév;tulajdonnév
Teofil;főnév;tulajdonnév
Tomaj;főnév;tulajdonnév
Talabér;főnév;tulajdonnév
Terestyén;főnév;tulajdonnév
Tomor;főnév;tulajdonnév
Talabor;főnév;tulajdonnév
Tétény;főnév;tulajdonnév
Tonuzóba;főnév;tulajdonnév
Talamér;főnév;tulajdonnév
Tézeusz;főnév;tulajdonnév
Torda;főnév;tulajdonnév
Táltos;főnév;tulajdonnév
Tibád;főnév;tulajdonnév
Tordas;főnév;tulajdonnév
Tamás;főnév;tulajdonnév
Tibériusz;főnév;tulajdonnév
Tormás;főnév;tulajdonnév
Tankréd;főnév;tulajdonnév
Tibold;főnév;tulajdonnév
Torna;főnév;tulajdonnév
Tar;főnév;tulajdonnév
Tibor;főnév;tulajdonnév
Torontál;főnév;tulajdonnév
Taráz;főnév;tulajdonnév
Tiborc;főnév;tulajdonnév
Töhötöm;főnév;tulajdonnév
Tarcal;főnév;tulajdonnév
Ticián;főnév;tulajdonnév
Tömör;főnév;tulajdonnév
Tarcsa;főnév;tulajdonnév
Tihamér;főnév;tulajdonnév
Törtel;főnév;tulajdonnév
Tardos;főnév;tulajdonnév
Timon;főnév;tulajdonnév
Trajánusz;főnév;tulajdonnév
Tarján;főnév;tulajdonnév
Timót;főnév;tulajdonnév
Trevisz;főnév;tulajdonnév
Tárkány;főnév;tulajdonnév
Timóteus;főnév;tulajdonnév
Trisztán;főnév;tulajdonnév
Tarsa;főnév;tulajdonnév
Timóteusz;főnév;tulajdonnév
Tullió;főnév;tulajdonnév
Tarzíciusz;főnév;tulajdonnév
Timur;főnév;tulajdonnév
Turul;főnév;tulajdonnév
Tas;főnév;tulajdonnév
Tirzusz;főnév;tulajdonnév
Tuzson;főnév;tulajdonnév
Tasnád;főnév;tulajdonnév
Titán;főnév;tulajdonnév
Tasziló;főnév;tulajdonnév
Titusz;főnév;tulajdonnév
Tege;főnév;tulajdonnév
Tivadar;főnév;tulajdonnév
Tegze;főnév;tulajdonnév
Tiván;főnév;tulajdonnév
Ubul;főnév;tulajdonnév
Ulászló;főnév;tulajdonnév
Urbán;főnév;tulajdonnév
Údó;főnév;tulajdonnév
Uldin;főnév;tulajdonnév
Uriás;főnév;tulajdonnév
Ugocsa;főnév;tulajdonnév
Ulisszesz;főnév;tulajdonnév
Uriel;főnév;tulajdonnév
Ugod;főnév;tulajdonnév
Ulpián;főnév;tulajdonnév
Uros;főnév;tulajdonnév
Ugor;főnév;tulajdonnév
Ulrik;főnév;tulajdonnév
Uzon;főnév;tulajdonnév
Ugron;főnév;tulajdonnév
Umbertó;főnév;tulajdonnév
Uzor;főnév;tulajdonnév
Upor;főnév;tulajdonnév
Üllő;főnév;tulajdonnév
Vadony;főnév;tulajdonnév
Várkony;főnév;tulajdonnév
Versény;főnév;tulajdonnév
Vince;főnév;tulajdonnév
Vojta;főnév;tulajdonnév
Vajk;főnév;tulajdonnév
Varsány;főnév;tulajdonnév
Vértes;főnév;tulajdonnév
Vincent;főnév;tulajdonnév
Volfram;főnév;tulajdonnév
Vajta;főnév;tulajdonnév
Vászoly;főnév;tulajdonnév
Viátor;főnév;tulajdonnév
Virgil;főnév;tulajdonnév
Vulkán;főnév;tulajdonnév
Valdemár;főnév;tulajdonnév
Vata;főnév;tulajdonnév
Vid;főnév;tulajdonnév
Vitálij;főnév;tulajdonnév
Valdó;főnév;tulajdonnév
Vazul;főnév;tulajdonnév
Vida;főnév;tulajdonnév
Vitális;főnév;tulajdonnév
Valentin;főnév;tulajdonnév
Vázsony;főnév;tulajdonnév
Vidor;főnév;tulajdonnév
Vitályos;főnév;tulajdonnév
Valentínó;főnév;tulajdonnév
Vejke;főnév;tulajdonnév
Vidos;főnév;tulajdonnév
Vitéz;főnév;tulajdonnév
Valér;főnév;tulajdonnév
Velek;főnév;tulajdonnév
Vikram;főnév;tulajdonnév
Vító;főnév;tulajdonnév
Valérió;főnév;tulajdonnév
Vencel;főnév;tulajdonnév
Viktor;főnév;tulajdonnév
Vitold;főnév;tulajdonnév
Valter;főnév;tulajdonnév
Vendel;főnév;tulajdonnév
Vilibald;főnév;tulajdonnév
Vitus;főnév;tulajdonnév
Valton;főnév;tulajdonnév
Verner;főnév;tulajdonnév
Vilmos;főnév;tulajdonnév
Vladimír;főnév;tulajdonnév
Xavér;főnév;tulajdonnév
Zádor;főnév;tulajdonnév
Zéman;főnév;tulajdonnév
Zoárd;főnév;tulajdonnév
Zsadány;főnév;tulajdonnév
Zágon;főnév;tulajdonnév
Zénó;főnév;tulajdonnév
Zobor;főnév;tulajdonnév
Zserald;főnév;tulajdonnév
Zajta;főnév;tulajdonnév
Zente;főnév;tulajdonnév
Zolta;főnév;tulajdonnév
Zsigmond;főnév;tulajdonnév
Zajzon;főnév;tulajdonnév
Zerénd;főnév;tulajdonnév
Zoltán;főnév;tulajdonnév
Zsolt;főnév;tulajdonnév
Zakariás;főnév;tulajdonnév
Zerind;főnév;tulajdonnév
Zólyom;főnév;tulajdonnév
Zsombor;főnév;tulajdonnév
Zakeus;főnév;tulajdonnév
Zéta;főnév;tulajdonnév
Zombor;főnév;tulajdonnév
Zsongor;főnév;tulajdonnév
Zala;főnév;tulajdonnév
Zete;főnév;tulajdonnév
Zongor;főnév;tulajdonnév
Zsubor;főnév;tulajdonnév
Zalán;főnév;tulajdonnév
Zétény;főnév;tulajdonnév
Zorán;főnév;tulajdonnév
Zsülien;főnév;tulajdonnév
Zámor;főnév;tulajdonnév
Zeusz;főnév;tulajdonnév
Zotmund;főnév;tulajdonnév
Zaránd;főnév;tulajdonnév
Zílió;főnév;tulajdonnév
Zovárd;főnév;tulajdonnév
Zdenkó;főnév;tulajdonnév
Zimány;főnév;tulajdonnév
Zovát;főnév;tulajdonnév
Zebadiás;főnév;tulajdonnév
Zuárd;főnév;tulajdonnév
Zebulon;főnév;tulajdonnév
Zuboly;főnév;tulajdonnév
Zekő;főnév;tulajdonnév
Zuriel;főnév;tulajdonnév
